Tag Name,Address,Data Type,Respect Data Type,Client Access,Scan Rate,Scaling,Raw Low,Raw High,Scaled Low,Scaled High,Scaled Data Type,Clamp Low,Clamp High,Eng Units,Description,Negate Value
"Element.BeltMonitor.=A-0003-BZA19.Commands.CmdFaultReset","DB200.X4.1",Boolean,1,R/W,100,,,,,,,,,,"",
"Element.BeltMonitor.=A-0003-BZA19.Commands.CmdMonitoringEnable","DB200.X4.0",Boolean,1,R/W,100,,,,,,,,,,"",
"Element.BeltMonitor.=A-0003-BZA19.Commands.CmdUsebyUnitIdent","DB200.W8",Word,1,R/W,100,,,,,,,,,,"",
"Element.BeltMonitor.=A-0003-BZA19.Commands.CmdUsebyUnitType","DB200.W6",Word,1,R/W,100,,,,,,,,,,"",
"Element.BeltMonitor.=A-0003-BZA19.HardwareIO.ValInput1","DB200.X18.0",Boolean,1,R/W,100,,,,,,,,,,"",
"Element.BeltMonitor.=A-0003-BZA19.Information.InfListIdent","DB200.W2",Word,1,R/W,100,,,,,,,,,,"",
"Element.BeltMonitor.=A-0003-BZA19.Information.InfType","DB200.W0",Word,1,R/W,100,,,,,,,,,,"",
"Element.BeltMonitor.=A-0003-BZA19.Parameter.ParAdrInput1","DB200.W16",Word,1,R/W,100,,,,,,,,,,"",
"Element.BeltMonitor.=A-0003-BZA19.Parameter.ParMonitoringTime","DB200.D12",DWord,1,R/W,100,,,,,,,,,,"",
"Element.BeltMonitor.=A-0003-BZA19.States.StaFaulted","DB200.X10.1",Boolean,1,R/W,100,,,,,,,,,,"",
"Element.BeltMonitor.=A-0003-BZA19.States.StaHealty","DB200.X10.0",Boolean,1,R/W,100,,,,,,,,,,"",
"Element.BeltMonitor.=A-0003-BZA20.Commands.CmdFaultReset","DB200.X40.1",Boolean,1,R/W,100,,,,,,,,,,"",
"Element.BeltMonitor.=A-0003-BZA20.Commands.CmdMonitoringEnable","DB200.X40.0",Boolean,1,R/W,100,,,,,,,,,,"",
"Element.BeltMonitor.=A-0003-BZA20.Commands.CmdUsebyUnitIdent","DB200.W44",Word,1,R/W,100,,,,,,,,,,"",
"Element.BeltMonitor.=A-0003-BZA20.Commands.CmdUsebyUnitType","DB200.W42",Word,1,R/W,100,,,,,,,,,,"",
"Element.BeltMonitor.=A-0003-BZA20.HardwareIO.ValInput1","DB200.X56.0",Boolean,1,R/W,100,,,,,,,,,,"",
"Element.BeltMonitor.=A-0003-BZA20.Information.InfListIdent","DB200.W38",Word,1,R/W,100,,,,,,,,,,"",
"Element.BeltMonitor.=A-0003-BZA20.Information.InfType","DB200.W36",Word,1,R/W,100,,,,,,,,,,"",
"Element.BeltMonitor.=A-0003-BZA20.Parameter.ParAdrInput1","DB200.W52",Word,1,R/W,100,,,,,,,,,,"",
"Element.BeltMonitor.=A-0003-BZA20.Parameter.ParMonitoringTime","DB200.D48",DWord,1,R/W,100,,,,,,,,,,"",
"Element.BeltMonitor.=A-0003-BZA20.States.StaFaulted","DB200.X46.1",Boolean,1,R/W,100,,,,,,,,,,"",
"Element.BeltMonitor.=A-0003-BZA20.States.StaHealty","DB200.X46.0",Boolean,1,R/W,100,,,,,,,,,,"",
"Element.BeltMonitor.=A-0003-BZA21.Commands.CmdFaultReset","DB200.X72.1",Boolean,1,R/W,100,,,,,,,,,,"",
"Element.BeltMonitor.=A-0003-BZA21.Commands.CmdMonitoringEnable","DB200.X76.0",Boolean,1,R/W,100,,,,,,,,,,"",
"Element.BeltMonitor.=A-0003-BZA21.Commands.CmdUsebyUnitIdent","DB200.W80",Word,1,R/W,100,,,,,,,,,,"",
"Element.BeltMonitor.=A-0003-BZA21.Commands.CmdUsebyUnitType","DB200.W78",Word,1,R/W,100,,,,,,,,,,"",
"Element.BeltMonitor.=A-0003-BZA21.HardwareIO.ValInput1","DB200.X92.0",Boolean,1,R/W,100,,,,,,,,,,"",
"Element.BeltMonitor.=A-0003-BZA21.Information.InfListIdent","DB200.W74",Word,1,R/W,100,,,,,,,,,,"",
"Element.BeltMonitor.=A-0003-BZA21.Information.InfType","DB200.W72",Word,1,R/W,100,,,,,,,,,,"",
"Element.BeltMonitor.=A-0003-BZA21.Parameter.ParAdrInput1","DB200.W88",Word,1,R/W,100,,,,,,,,,,"",
"Element.BeltMonitor.=A-0003-BZA21.Parameter.ParMonitoringTime","DB200.D84",DWord,1,R/W,100,,,,,,,,,,"",
"Element.BeltMonitor.=A-0003-BZA21.States.StaFaulted","DB200.X82.1",Boolean,1,R/W,100,,,,,,,,,,"",
"Element.BeltMonitor.=A-0003-BZA21.States.StaHealty","DB200.X82.0",Boolean,1,R/W,100,,,,,,,,,,"",
"Element.BeltMonitor.=A-0003-BZA22.Commands.CmdFaultReset","DB200.X112.1",Boolean,1,R/W,100,,,,,,,,,,"",
"Element.BeltMonitor.=A-0003-BZA22.Commands.CmdMonitoringEnable","DB200.X112.0",Boolean,1,R/W,100,,,,,,,,,,"",
"Element.BeltMonitor.=A-0003-BZA22.Commands.CmdUsebyUnitIdent","DB200.W116",Word,1,R/W,100,,,,,,,,,,"",
"Element.BeltMonitor.=A-0003-BZA22.Commands.CmdUsebyUnitType","DB200.W114",Word,1,R/W,100,,,,,,,,,,"",
"Element.BeltMonitor.=A-0003-BZA22.HardwareIO.ValInput1","DB200.X128.0",Boolean,1,R/W,100,,,,,,,,,,"",
"Element.BeltMonitor.=A-0003-BZA22.Information.InfListIdent","DB200.W110",Word,1,R/W,100,,,,,,,,,,"",
"Element.BeltMonitor.=A-0003-BZA22.Information.InfType","DB200.W108",Word,1,R/W,100,,,,,,,,,,"",
"Element.BeltMonitor.=A-0003-BZA22.Parameter.ParAdrInput1","DB200.W124",Word,1,R/W,100,,,,,,,,,,"",
"Element.BeltMonitor.=A-0003-BZA22.Parameter.ParMonitoringTime","DB200.D120",DWord,1,R/W,100,,,,,,,,,,"",
"Element.BeltMonitor.=A-0003-BZA22.States.StaFaulted","DB200.X116.1",Boolean,1,R/W,100,,,,,,,,,,"",
"Element.BeltMonitor.=A-0003-BZA22.States.StaHealty","DB200.X116.0",Boolean,1,R/W,100,,,,,,,,,,"",
"Element.FilterControl.=A-0004-KFC10.Commands.CmdEnable","DB80.X4.0",Boolean,1,R/W,100,,,,,,,,,,"",
"Element.FilterControl.=A-0004-KFC10.Commands.CmdEnableIdling","DB80.X4.1",Boolean,1,R/W,100,,,,,,,,,,"",
"Element.FilterControl.=A-0004-KFC10.Commands.CmdFaultReset","DB80.X4.3",Boolean,1,R/W,100,,,,,,,,,,"",
"Element.FilterControl.=A-0004-KFC10.Commands.CmdInterlock","DB80.X4.2",Boolean,1,R/W,100,,,,,,,,,,"",
"Element.FilterControl.=A-0004-KFC10.Commands.CmdManual","DB80.X4.4",Boolean,1,R/W,100,,,,,,,,,,"",
"Element.FilterControl.=A-0004-KFC10.Commands.CmdService","DB80.X4.5",Boolean,1,R/W,100,,,,,,,,,,"",
"Element.FilterControl.=A-0004-KFC10.Commands.CmdUseByUnitIdent","DB80.W8",Word,1,R/W,100,,,,,,,,,,"",
"Element.FilterControl.=A-0004-KFC10.Commands.CmdUseByUnitType","DB80.W6",Word,1,R/W,100,,,,,,,,,,"",
"Element.FilterControl.=A-0004-KFC10.HardwareIO.ValInput1","DB80.X36.0",Boolean,1,R/W,100,,,,,,,,,,"",
"Element.FilterControl.=A-0004-KFC10.HardwareIO.ValOutput1","DB80.X36.1",Boolean,1,R/W,100,,,,,,,,,,"",
"Element.FilterControl.=A-0004-KFC10.Information.InfListIdent","DB80.W2",Word,1,R/W,100,,,,,,,,,,"",
"Element.FilterControl.=A-0004-KFC10.Information.InfType","DB80.W0",Word,1,R/W,100,,,,,,,,,,"",
"Element.FilterControl.=A-0004-KFC10.Parameter.ParAdrInput1","DB80.W34",Word,1,R/W,100,,,,,,,,,,"",
"Element.FilterControl.=A-0004-KFC10.Parameter.ParAdrOutput1","DB80.W36",Word,1,R/W,100,,,,,,,,,,"",
"Element.FilterControl.=A-0004-KFC10.Parameter.ParRelatedToUnitIdent1","DB80.W20",Word,1,R/W,100,,,,,,,,,,"",
"Element.FilterControl.=A-0004-KFC10.Parameter.ParRelatedToUnitIdent2","DB80.W24",Word,1,R/W,100,,,,,,,,,,"",
"Element.FilterControl.=A-0004-KFC10.Parameter.ParRelatedToUnitIdent3","DB80.W28",Word,1,R/W,100,,,,,,,,,,"",
"Element.FilterControl.=A-0004-KFC10.Parameter.ParRelatedToUnitIdent4","DB80.W32",Word,1,R/W,100,,,,,,,,,,"",
"Element.FilterControl.=A-0004-KFC10.Parameter.ParRelatedToUnitType1","DB80.W18",Word,1,R/W,100,,,,,,,,,,"",
"Element.FilterControl.=A-0004-KFC10.Parameter.ParRelatedToUnitType2","DB80.W22",Word,1,R/W,100,,,,,,,,,,"",
"Element.FilterControl.=A-0004-KFC10.Parameter.ParRelatedToUnitType3","DB80.W26",Word,1,R/W,100,,,,,,,,,,"",
"Element.FilterControl.=A-0004-KFC10.Parameter.ParRelatedToUnitType4","DB80.W30",Word,1,R/W,100,,,,,,,,,,"",
"Element.FilterControl.=A-0004-KFC10.Parameter.ParTimeOut","DB80.D12",DWord,1,R/W,100,,,,,,,,,,"",
"Element.FilterControl.=A-0004-KFC10.Parameter.ParWithInputFeedback","DB80.X16.0",Boolean,1,R/W,100,,,,,,,,,,"",
"Element.FilterControl.=A-0004-KFC10.States.StaFault","DB80.X10.4",Boolean,1,R/W,100,,,,,,,,,,"",
"Element.FilterControl.=A-0004-KFC10.States.StaStarted","DB80.X10.1",Boolean,1,R/W,100,,,,,,,,,,"",
"Element.FilterControl.=A-0004-KFC10.States.StaStarting","DB80.X10.0",Boolean,1,R/W,100,,,,,,,,,,"",
"Element.FilterControl.=A-0004-KFC10.States.StaStopped","DB80.X10.3",Boolean,1,R/W,100,,,,,,,,,,"",
"Element.FilterControl.=A-0004-KFC10.States.StaStopping","DB80.X10.2",Boolean,1,R/W,100,,,,,,,,,,"",
"Element.HighLevel.=A-0011-BLH01.Commands.CmdFaultReset","DB30.X4.0",Boolean,1,R/W,100,,,,,,,,,,"",
"Element.HighLevel.=A-0011-BLH01.Commands.CmdUsebyUnitIdent","DB30.W8",Word,1,R/W,100,,,,,,,,,,"",
"Element.HighLevel.=A-0011-BLH01.Commands.CmdUsebyUnitType","DB30.W6",Word,1,R/W,100,,,,,,,,,,"",
"Element.HighLevel.=A-0011-BLH01.HardwareIO.ValInput1","DB30.X24.0",Boolean,1,R/W,100,,,,,,,,,,"",
"Element.HighLevel.=A-0011-BLH01.HardwareIO.ValInput2","DB30.X24.1",Boolean,1,R/W,100,,,,,,,,,,"",
"Element.HighLevel.=A-0011-BLH01.Information.InfListIdent","DB30.W2",Word,1,R/W,100,,,,,,,,,,"",
"Element.HighLevel.=A-0011-BLH01.Information.InfType","DB30.W0",Word,1,R/W,100,,,,,,,,,,"",
"Element.HighLevel.=A-0011-BLH01.Parameter.ParAdrInput1","DB30.W20",Word,1,R/W,100,,,,,,,,,,"",
"Element.HighLevel.=A-0011-BLH01.Parameter.ParAdrInput2","DB30.W22",Word,1,R/W,100,,,,,,,,,,"",
"Element.HighLevel.=A-0011-BLH01.Parameter.ParCoverTime","DB30.D16",DWord,1,R/W,100,,,,,,,,,,"",
"Element.HighLevel.=A-0011-BLH01.Parameter.ParUncoverTime","DB30.D12",DWord,1,R/W,100,,,,,,,,,,"",
"Element.HighLevel.=A-0011-BLH01.States.StaCover","DB30.X10.2",Boolean,1,R/W,100,,,,,,,,,,"",
"Element.HighLevel.=A-0011-BLH01.States.StaCovered","DB30.X10.3",Boolean,1,R/W,100,,,,,,,,,,"",
"Element.HighLevel.=A-0011-BLH01.States.StaFaulted","DB30.X10.4",Boolean,1,R/W,100,,,,,,,,,,"",
"Element.HighLevel.=A-0011-BLH01.States.StaUncover","DB30.X10.1",Boolean,1,R/W,100,,,,,,,,,,"",
"Element.HighLevel.=A-0011-BLH01.States.StaUncoverd","DB30.X10.0",Boolean,1,R/W,100,,,,,,,,,,"",
"Element.HighLevel.=A-0012-BLH01.Commands.CmdFaultReset","DB30.X62.0",Boolean,1,R/W,100,,,,,,,,,,"",
"Element.HighLevel.=A-0012-BLH01.Commands.CmdUsebyUnitIdent","DB30.W66",Word,1,R/W,100,,,,,,,,,,"",
"Element.HighLevel.=A-0012-BLH01.Commands.CmdUsebyUnitType","DB30.W64",Word,1,R/W,100,,,,,,,,,,"",
"Element.HighLevel.=A-0012-BLH01.HardwareIO.ValInput1","DB30.X82.0",Boolean,1,R/W,100,,,,,,,,,,"",
"Element.HighLevel.=A-0012-BLH01.HardwareIO.ValInput2","DB30.X82.1",Boolean,1,R/W,100,,,,,,,,,,"",
"Element.HighLevel.=A-0012-BLH01.Information.InfListIdent","DB30.W60",Word,1,R/W,100,,,,,,,,,,"",
"Element.HighLevel.=A-0012-BLH01.Information.InfType","DB30.W58",Word,1,R/W,100,,,,,,,,,,"",
"Element.HighLevel.=A-0012-BLH01.Parameter.ParAdrInput1","DB30.W78",Word,1,R/W,100,,,,,,,,,,"",
"Element.HighLevel.=A-0012-BLH01.Parameter.ParAdrInput2","DB30.W80",Word,1,R/W,100,,,,,,,,,,"",
"Element.HighLevel.=A-0012-BLH01.Parameter.ParCoverTime","DB30.D74",DWord,1,R/W,100,,,,,,,,,,"",
"Element.HighLevel.=A-0012-BLH01.Parameter.ParUncoverTime","DB30.D70",DWord,1,R/W,100,,,,,,,,,,"",
"Element.HighLevel.=A-0012-BLH01.States.StaCover","DB30.X68.2",Boolean,1,R/W,100,,,,,,,,,,"",
"Element.HighLevel.=A-0012-BLH01.States.StaCovered","DB30.X68.3",Boolean,1,R/W,100,,,,,,,,,,"",
"Element.HighLevel.=A-0012-BLH01.States.StaFaulted","DB30.X68.4",Boolean,1,R/W,100,,,,,,,,,,"",
"Element.HighLevel.=A-0012-BLH01.States.StaUncover","DB30.X68.1",Boolean,1,R/W,100,,,,,,,,,,"",
"Element.HighLevel.=A-0012-BLH01.States.StaUncoverd","DB30.X68.0",Boolean,1,R/W,100,,,,,,,,,,"",
"Element.HighLevel.=A-0013-BLH01.Commands.CmdFaultReset","DB30.X120.0",Boolean,1,R/W,100,,,,,,,,,,"",
"Element.HighLevel.=A-0013-BLH01.Commands.CmdUsebyUnitIdent","DB30.W124",Word,1,R/W,100,,,,,,,,,,"",
"Element.HighLevel.=A-0013-BLH01.Commands.CmdUsebyUnitType","DB30.W122",Word,1,R/W,100,,,,,,,,,,"",
"Element.HighLevel.=A-0013-BLH01.HardwareIO.ValInput1","DB30.X140.0",Boolean,1,R/W,100,,,,,,,,,,"",
"Element.HighLevel.=A-0013-BLH01.HardwareIO.ValInput2","DB30.X140.1",Boolean,1,R/W,100,,,,,,,,,,"",
"Element.HighLevel.=A-0013-BLH01.Information.InfListIdent","DB30.W118",Word,1,R/W,100,,,,,,,,,,"",
"Element.HighLevel.=A-0013-BLH01.Information.InfType","DB30.W116",Word,1,R/W,100,,,,,,,,,,"",
"Element.HighLevel.=A-0013-BLH01.Parameter.ParAdrInput1","DB30.W136",Word,1,R/W,100,,,,,,,,,,"",
"Element.HighLevel.=A-0013-BLH01.Parameter.ParAdrInput2","DB30.W138",Word,1,R/W,100,,,,,,,,,,"",
"Element.HighLevel.=A-0013-BLH01.Parameter.ParCoverTime","DB30.D132",DWord,1,R/W,100,,,,,,,,,,"",
"Element.HighLevel.=A-0013-BLH01.Parameter.ParUncoverTime","DB30.D128",DWord,1,R/W,100,,,,,,,,,,"",
"Element.HighLevel.=A-0013-BLH01.States.StaCover","DB30.X126.2",Boolean,1,R/W,100,,,,,,,,,,"",
"Element.HighLevel.=A-0013-BLH01.States.StaCovered","DB30.X126.3",Boolean,1,R/W,100,,,,,,,,,,"",
"Element.HighLevel.=A-0013-BLH01.States.StaFaulted","DB30.X126.4",Boolean,1,R/W,100,,,,,,,,,,"",
"Element.HighLevel.=A-0013-BLH01.States.StaUncover","DB30.X126.1",Boolean,1,R/W,100,,,,,,,,,,"",
"Element.HighLevel.=A-0013-BLH01.States.StaUncoverd","DB30.X126.0",Boolean,1,R/W,100,,,,,,,,,,"",
"Element.SimpleMotor.=A-0002-MXZ01.Commands.CmdEnable","DB40.X58.0",Boolean,1,R/W,100,,,,,,,,,,"",
"Element.SimpleMotor.=A-0002-MXZ01.Commands.CmdEnableIdling","DB40.X58.1",Boolean,1,R/W,100,,,,,,,,,,"",
"Element.SimpleMotor.=A-0002-MXZ01.Commands.CmdFaultReset","DB40.X58.3",Boolean,1,R/W,100,,,,,,,,,,"",
"Element.SimpleMotor.=A-0002-MXZ01.Commands.CmdInterlock","DB40.X58.2",Boolean,1,R/W,100,,,,,,,,,,"",
"Element.SimpleMotor.=A-0002-MXZ01.Commands.CmdManual","DB40.X58.4",Boolean,1,R/W,100,,,,,,,,,,"",
"Element.SimpleMotor.=A-0002-MXZ01.Commands.CmdService","DB40.X58.5",Boolean,1,R/W,100,,,,,,,,,,"",
"Element.SimpleMotor.=A-0002-MXZ01.Commands.CmdUseByUnitIdent","DB40.W62",Word,1,R/W,100,,,,,,,,,,"",
"Element.SimpleMotor.=A-0002-MXZ01.Commands.CmdUseByUnitType","DB40.W60",Word,1,R/W,100,,,,,,,,,,"",
"Element.SimpleMotor.=A-0002-MXZ01.HardwareIO.ValInput1","DB40.X90.0",Boolean,1,R/W,100,,,,,,,,,,"",
"Element.SimpleMotor.=A-0002-MXZ01.HardwareIO.ValOutput1","DB40.X90.1",Boolean,1,R/W,100,,,,,,,,,,"",
"Element.SimpleMotor.=A-0002-MXZ01.Information.InfListIdent","DB40.W56",Word,1,R/W,100,,,,,,,,,,"",
"Element.SimpleMotor.=A-0002-MXZ01.Information.InfType","DB40.W54",Word,1,R/W,100,,,,,,,,,,"",
"Element.SimpleMotor.=A-0002-MXZ01.Parameter.ParAdrInput1","DB40.W86",Word,1,R/W,100,,,,,,,,,,"",
"Element.SimpleMotor.=A-0002-MXZ01.Parameter.ParAdrOutput1","DB40.W88",Word,1,R/W,100,,,,,,,,,,"",
"Element.SimpleMotor.=A-0002-MXZ01.Parameter.ParRelatedToUnitIdent1","DB40.W72",Word,1,R/W,100,,,,,,,,,,"",
"Element.SimpleMotor.=A-0002-MXZ01.Parameter.ParRelatedToUnitIdent2","DB40.W76",Word,1,R/W,100,,,,,,,,,,"",
"Element.SimpleMotor.=A-0002-MXZ01.Parameter.ParRelatedToUnitIdent3","DB40.W80",Word,1,R/W,100,,,,,,,,,,"",
"Element.SimpleMotor.=A-0002-MXZ01.Parameter.ParRelatedToUnitIdent4","DB40.W84",Word,1,R/W,100,,,,,,,,,,"",
"Element.SimpleMotor.=A-0002-MXZ01.Parameter.ParRelatedToUnitType1","DB40.W70",Word,1,R/W,100,,,,,,,,,,"",
"Element.SimpleMotor.=A-0002-MXZ01.Parameter.ParRelatedToUnitType2","DB40.W74",Word,1,R/W,100,,,,,,,,,,"",
"Element.SimpleMotor.=A-0002-MXZ01.Parameter.ParRelatedToUnitType3","DB40.W78",Word,1,R/W,100,,,,,,,,,,"",
"Element.SimpleMotor.=A-0002-MXZ01.Parameter.ParRelatedToUnitType4","DB40.W82",Word,1,R/W,100,,,,,,,,,,"",
"Element.SimpleMotor.=A-0002-MXZ01.Parameter.ParTimeOut","DB40.D66",DWord,1,R/W,100,,,,,,,,,,"",
"Element.SimpleMotor.=A-0002-MXZ01.States.StaFault","DB40.X64.4",Boolean,1,R/W,100,,,,,,,,,,"",
"Element.SimpleMotor.=A-0002-MXZ01.States.StaStarted","DB40.X64.1",Boolean,1,R/W,100,,,,,,,,,,"",
"Element.SimpleMotor.=A-0002-MXZ01.States.StaStarting","DB40.X64.0",Boolean,1,R/W,100,,,,,,,,,,"",
"Element.SimpleMotor.=A-0002-MXZ01.States.StaStopped","DB40.X64.3",Boolean,1,R/W,100,,,,,,,,,,"",
"Element.SimpleMotor.=A-0002-MXZ01.States.StaStopping","DB40.X64.2",Boolean,1,R/W,100,,,,,,,,,,"",
"Element.SimpleMotor.=A-0003-MXZ01.Commands.CmdEnable","DB40.X112.0",Boolean,1,R/W,100,,,,,,,,,,"",
"Element.SimpleMotor.=A-0003-MXZ01.Commands.CmdEnableIdling","DB40.X112.1",Boolean,1,R/W,100,,,,,,,,,,"",
"Element.SimpleMotor.=A-0003-MXZ01.Commands.CmdFaultReset","DB40.X112.3",Boolean,1,R/W,100,,,,,,,,,,"",
"Element.SimpleMotor.=A-0003-MXZ01.Commands.CmdInterlock","DB40.X112.2",Boolean,1,R/W,100,,,,,,,,,,"",
"Element.SimpleMotor.=A-0003-MXZ01.Commands.CmdManual","DB40.X112.4",Boolean,1,R/W,100,,,,,,,,,,"",
"Element.SimpleMotor.=A-0003-MXZ01.Commands.CmdService","DB40.X112.5",Boolean,1,R/W,100,,,,,,,,,,"",
"Element.SimpleMotor.=A-0003-MXZ01.Commands.CmdUseByUnitIdent","DB40.W116",Word,1,R/W,100,,,,,,,,,,"",
"Element.SimpleMotor.=A-0003-MXZ01.Commands.CmdUseByUnitType","DB40.W114",Word,1,R/W,100,,,,,,,,,,"",
"Element.SimpleMotor.=A-0003-MXZ01.HardwareIO.ValInput1","DB40.X144.0",Boolean,1,R/W,100,,,,,,,,,,"",
"Element.SimpleMotor.=A-0003-MXZ01.HardwareIO.ValOutput1","DB40.X144.1",Boolean,1,R/W,100,,,,,,,,,,"",
"Element.SimpleMotor.=A-0003-MXZ01.Information.InfListIdent","DB40.W110",Word,1,R/W,100,,,,,,,,,,"",
"Element.SimpleMotor.=A-0003-MXZ01.Information.InfType","DB40.W108",Word,1,R/W,100,,,,,,,,,,"",
"Element.SimpleMotor.=A-0003-MXZ01.Parameter.ParAdrInput1","DB40.W140",Word,1,R/W,100,,,,,,,,,,"",
"Element.SimpleMotor.=A-0003-MXZ01.Parameter.ParAdrOutput1","DB40.W142",Word,1,R/W,100,,,,,,,,,,"",
"Element.SimpleMotor.=A-0003-MXZ01.Parameter.ParRelatedToUnitIdent1","DB40.W126",Word,1,R/W,100,,,,,,,,,,"",
"Element.SimpleMotor.=A-0003-MXZ01.Parameter.ParRelatedToUnitIdent2","DB40.W130",Word,1,R/W,100,,,,,,,,,,"",
"Element.SimpleMotor.=A-0003-MXZ01.Parameter.ParRelatedToUnitIdent3","DB40.W134",Word,1,R/W,100,,,,,,,,,,"",
"Element.SimpleMotor.=A-0003-MXZ01.Parameter.ParRelatedToUnitIdent4","DB40.W138",Word,1,R/W,100,,,,,,,,,,"",
"Element.SimpleMotor.=A-0003-MXZ01.Parameter.ParRelatedToUnitType1","DB40.W124",Word,1,R/W,100,,,,,,,,,,"",
"Element.SimpleMotor.=A-0003-MXZ01.Parameter.ParRelatedToUnitType2","DB40.W128",Word,1,R/W,100,,,,,,,,,,"",
"Element.SimpleMotor.=A-0003-MXZ01.Parameter.ParRelatedToUnitType3","DB40.W132",Word,1,R/W,100,,,,,,,,,,"",
"Element.SimpleMotor.=A-0003-MXZ01.Parameter.ParRelatedToUnitType4","DB40.W136",Word,1,R/W,100,,,,,,,,,,"",
"Element.SimpleMotor.=A-0003-MXZ01.Parameter.ParTimeOut","DB40.D120",DWord,1,R/W,100,,,,,,,,,,"",
"Element.SimpleMotor.=A-0003-MXZ01.States.StaFault","DB40.X118.4",Boolean,1,R/W,100,,,,,,,,,,"",
"Element.SimpleMotor.=A-0003-MXZ01.States.StaStarted","DB40.X118.1",Boolean,1,R/W,100,,,,,,,,,,"",
"Element.SimpleMotor.=A-0003-MXZ01.States.StaStarting","DB40.X118.0",Boolean,1,R/W,100,,,,,,,,,,"",
"Element.SimpleMotor.=A-0003-MXZ01.States.StaStopped","DB40.X118.3",Boolean,1,R/W,100,,,,,,,,,,"",
"Element.SimpleMotor.=A-0003-MXZ01.States.StaStopping","DB40.X118.2",Boolean,1,R/W,100,,,,,,,,,,"",
"Element.SimpleMotor.=A-0005-MXZ01.Commands.CmdEnable","DB40.X166.0",Boolean,1,R/W,100,,,,,,,,,,"",
"Element.SimpleMotor.=A-0005-MXZ01.Commands.CmdEnableIdling","DB40.X166.1",Boolean,1,R/W,100,,,,,,,,,,"",
"Element.SimpleMotor.=A-0005-MXZ01.Commands.CmdFaultReset","DB40.X166.3",Boolean,1,R/W,100,,,,,,,,,,"",
"Element.SimpleMotor.=A-0005-MXZ01.Commands.CmdInterlock","DB40.X166.2",Boolean,1,R/W,100,,,,,,,,,,"",
"Element.SimpleMotor.=A-0005-MXZ01.Commands.CmdManual","DB40.X166.4",Boolean,1,R/W,100,,,,,,,,,,"",
"Element.SimpleMotor.=A-0005-MXZ01.Commands.CmdService","DB40.X166.5",Boolean,1,R/W,100,,,,,,,,,,"",
"Element.SimpleMotor.=A-0005-MXZ01.Commands.CmdUseByUnitIdent","DB40.W170",Word,1,R/W,100,,,,,,,,,,"",
"Element.SimpleMotor.=A-0005-MXZ01.Commands.CmdUseByUnitType","DB40.W168",Word,1,R/W,100,,,,,,,,,,"",
"Element.SimpleMotor.=A-0005-MXZ01.HardwareIO.ValInput1","DB40.X198.0",Boolean,1,R/W,100,,,,,,,,,,"",
"Element.SimpleMotor.=A-0005-MXZ01.HardwareIO.ValOutput1","DB40.X198.1",Boolean,1,R/W,100,,,,,,,,,,"",
"Element.SimpleMotor.=A-0005-MXZ01.Information.InfListIdent","DB40.W164",Word,1,R/W,100,,,,,,,,,,"",
"Element.SimpleMotor.=A-0005-MXZ01.Information.InfType","DB40.W162",Word,1,R/W,100,,,,,,,,,,"",
"Element.SimpleMotor.=A-0005-MXZ01.Parameter.ParAdrInput1","DB40.W194",Word,1,R/W,100,,,,,,,,,,"",
"Element.SimpleMotor.=A-0005-MXZ01.Parameter.ParAdrOutput1","DB40.W196",Word,1,R/W,100,,,,,,,,,,"",
"Element.SimpleMotor.=A-0005-MXZ01.Parameter.ParRelatedToUnitIdent1","DB40.W180",Word,1,R/W,100,,,,,,,,,,"",
"Element.SimpleMotor.=A-0005-MXZ01.Parameter.ParRelatedToUnitIdent2","DB40.W184",Word,1,R/W,100,,,,,,,,,,"",
"Element.SimpleMotor.=A-0005-MXZ01.Parameter.ParRelatedToUnitIdent3","DB40.W188",Word,1,R/W,100,,,,,,,,,,"",
"Element.SimpleMotor.=A-0005-MXZ01.Parameter.ParRelatedToUnitIdent4","DB40.W192",Word,1,R/W,100,,,,,,,,,,"",
"Element.SimpleMotor.=A-0005-MXZ01.Parameter.ParRelatedToUnitType1","DB40.W178",Word,1,R/W,100,,,,,,,,,,"",
"Element.SimpleMotor.=A-0005-MXZ01.Parameter.ParRelatedToUnitType2","DB40.W182",Word,1,R/W,100,,,,,,,,,,"",
"Element.SimpleMotor.=A-0005-MXZ01.Parameter.ParRelatedToUnitType3","DB40.W186",Word,1,R/W,100,,,,,,,,,,"",
"Element.SimpleMotor.=A-0005-MXZ01.Parameter.ParRelatedToUnitType4","DB40.W190",Word,1,R/W,100,,,,,,,,,,"",
"Element.SimpleMotor.=A-0005-MXZ01.Parameter.ParTimeOut","DB40.D174",DWord,1,R/W,100,,,,,,,,,,"",
"Element.SimpleMotor.=A-0005-MXZ01.States.StaFault","DB40.X172.4",Boolean,1,R/W,100,,,,,,,,,,"",
"Element.SimpleMotor.=A-0005-MXZ01.States.StaStarted","DB40.X172.1",Boolean,1,R/W,100,,,,,,,,,,"",
"Element.SimpleMotor.=A-0005-MXZ01.States.StaStarting","DB40.X172.0",Boolean,1,R/W,100,,,,,,,,,,"",
"Element.SimpleMotor.=A-0005-MXZ01.States.StaStopped","DB40.X172.3",Boolean,1,R/W,100,,,,,,,,,,"",
"Element.SimpleMotor.=A-0005-MXZ01.States.StaStopping","DB40.X172.2",Boolean,1,R/W,100,,,,,,,,,,"",
"Element.SimpleMotor.=A-0006-MXZ01.Commands.CmdEnable","DB40.X220.0",Boolean,1,R/W,100,,,,,,,,,,"",
"Element.SimpleMotor.=A-0006-MXZ01.Commands.CmdEnableIdling","DB40.X220.1",Boolean,1,R/W,100,,,,,,,,,,"",
"Element.SimpleMotor.=A-0006-MXZ01.Commands.CmdFaultReset","DB40.X220.3",Boolean,1,R/W,100,,,,,,,,,,"",
"Element.SimpleMotor.=A-0006-MXZ01.Commands.CmdInterlock","DB40.X220.2",Boolean,1,R/W,100,,,,,,,,,,"",
"Element.SimpleMotor.=A-0006-MXZ01.Commands.CmdManual","DB40.X220.4",Boolean,1,R/W,100,,,,,,,,,,"",
"Element.SimpleMotor.=A-0006-MXZ01.Commands.CmdService","DB40.X220.5",Boolean,1,R/W,100,,,,,,,,,,"",
"Element.SimpleMotor.=A-0006-MXZ01.Commands.CmdUseByUnitIdent","DB40.W224",Word,1,R/W,100,,,,,,,,,,"",
"Element.SimpleMotor.=A-0006-MXZ01.Commands.CmdUseByUnitType","DB40.W222",Word,1,R/W,100,,,,,,,,,,"",
"Element.SimpleMotor.=A-0006-MXZ01.HardwareIO.ValInput1","DB40.X252.0",Boolean,1,R/W,100,,,,,,,,,,"",
"Element.SimpleMotor.=A-0006-MXZ01.HardwareIO.ValOutput1","DB40.X252.1",Boolean,1,R/W,100,,,,,,,,,,"",
"Element.SimpleMotor.=A-0006-MXZ01.Information.InfListIdent","DB40.W218",Word,1,R/W,100,,,,,,,,,,"",
"Element.SimpleMotor.=A-0006-MXZ01.Information.InfType","DB40.W216",Word,1,R/W,100,,,,,,,,,,"",
"Element.SimpleMotor.=A-0006-MXZ01.Parameter.ParAdrInput1","DB40.W248",Word,1,R/W,100,,,,,,,,,,"",
"Element.SimpleMotor.=A-0006-MXZ01.Parameter.ParAdrOutput1","DB40.W250",Word,1,R/W,100,,,,,,,,,,"",
"Element.SimpleMotor.=A-0006-MXZ01.Parameter.ParRelatedToUnitIdent1","DB40.W234",Word,1,R/W,100,,,,,,,,,,"",
"Element.SimpleMotor.=A-0006-MXZ01.Parameter.ParRelatedToUnitIdent2","DB40.W238",Word,1,R/W,100,,,,,,,,,,"",
"Element.SimpleMotor.=A-0006-MXZ01.Parameter.ParRelatedToUnitIdent3","DB40.W242",Word,1,R/W,100,,,,,,,,,,"",
"Element.SimpleMotor.=A-0006-MXZ01.Parameter.ParRelatedToUnitIdent4","DB40.W246",Word,1,R/W,100,,,,,,,,,,"",
"Element.SimpleMotor.=A-0006-MXZ01.Parameter.ParRelatedToUnitType1","DB40.W232",Word,1,R/W,100,,,,,,,,,,"",
"Element.SimpleMotor.=A-0006-MXZ01.Parameter.ParRelatedToUnitType2","DB40.W236",Word,1,R/W,100,,,,,,,,,,"",
"Element.SimpleMotor.=A-0006-MXZ01.Parameter.ParRelatedToUnitType3","DB40.W240",Word,1,R/W,100,,,,,,,,,,"",
"Element.SimpleMotor.=A-0006-MXZ01.Parameter.ParRelatedToUnitType4","DB40.W244",Word,1,R/W,100,,,,,,,,,,"",
"Element.SimpleMotor.=A-0006-MXZ01.Parameter.ParTimeOut","DB40.D228",DWord,1,R/W,100,,,,,,,,,,"",
"Element.SimpleMotor.=A-0006-MXZ01.States.StaFault","DB40.X226.4",Boolean,1,R/W,100,,,,,,,,,,"",
"Element.SimpleMotor.=A-0006-MXZ01.States.StaStarted","DB40.X226.1",Boolean,1,R/W,100,,,,,,,,,,"",
"Element.SimpleMotor.=A-0006-MXZ01.States.StaStarting","DB40.X226.0",Boolean,1,R/W,100,,,,,,,,,,"",
"Element.SimpleMotor.=A-0006-MXZ01.States.StaStopped","DB40.X226.3",Boolean,1,R/W,100,,,,,,,,,,"",
"Element.SimpleMotor.=A-0006-MXZ01.States.StaStopping","DB40.X226.2",Boolean,1,R/W,100,,,,,,,,,,"",
"Element.SimpleMotor.=A-0007-MXZ01.Commands.CmdEnable","DB40.X274.0",Boolean,1,R/W,100,,,,,,,,,,"",
"Element.SimpleMotor.=A-0007-MXZ01.Commands.CmdEnableIdling","DB40.X274.1",Boolean,1,R/W,100,,,,,,,,,,"",
"Element.SimpleMotor.=A-0007-MXZ01.Commands.CmdFaultReset","DB40.X274.3",Boolean,1,R/W,100,,,,,,,,,,"",
"Element.SimpleMotor.=A-0007-MXZ01.Commands.CmdInterlock","DB40.X274.2",Boolean,1,R/W,100,,,,,,,,,,"",
"Element.SimpleMotor.=A-0007-MXZ01.Commands.CmdManual","DB40.X274.4",Boolean,1,R/W,100,,,,,,,,,,"",
"Element.SimpleMotor.=A-0007-MXZ01.Commands.CmdService","DB40.X274.5",Boolean,1,R/W,100,,,,,,,,,,"",
"Element.SimpleMotor.=A-0007-MXZ01.Commands.CmdUseByUnitIdent","DB40.W276",Word,1,R/W,100,,,,,,,,,,"",
"Element.SimpleMotor.=A-0007-MXZ01.Commands.CmdUseByUnitType","DB40.W278",Word,1,R/W,100,,,,,,,,,,"",
"Element.SimpleMotor.=A-0007-MXZ01.HardwareIO.ValInput1","DB40.X306.0",Boolean,1,R/W,100,,,,,,,,,,"",
"Element.SimpleMotor.=A-0007-MXZ01.HardwareIO.ValOutput1","DB40.X306.1",Boolean,1,R/W,100,,,,,,,,,,"",
"Element.SimpleMotor.=A-0007-MXZ01.Information.InfListIdent","DB40.W272",Word,1,R/W,100,,,,,,,,,,"",
"Element.SimpleMotor.=A-0007-MXZ01.Information.InfType","DB40.W270",Word,1,R/W,100,,,,,,,,,,"",
"Element.SimpleMotor.=A-0007-MXZ01.Parameter.ParAdrInput1","DB40.W302",Word,1,R/W,100,,,,,,,,,,"",
"Element.SimpleMotor.=A-0007-MXZ01.Parameter.ParAdrOutput1","DB40.W304",Word,1,R/W,100,,,,,,,,,,"",
"Element.SimpleMotor.=A-0007-MXZ01.Parameter.ParRelatedToUnitIdent1","DB40.W288",Word,1,R/W,100,,,,,,,,,,"",
"Element.SimpleMotor.=A-0007-MXZ01.Parameter.ParRelatedToUnitIdent2","DB40.W292",Word,1,R/W,100,,,,,,,,,,"",
"Element.SimpleMotor.=A-0007-MXZ01.Parameter.ParRelatedToUnitIdent3","DB40.W296",Word,1,R/W,100,,,,,,,,,,"",
"Element.SimpleMotor.=A-0007-MXZ01.Parameter.ParRelatedToUnitIdent4","DB40.W300",Word,1,R/W,100,,,,,,,,,,"",
"Element.SimpleMotor.=A-0007-MXZ01.Parameter.ParRelatedToUnitType1","DB40.W286",Word,1,R/W,100,,,,,,,,,,"",
"Element.SimpleMotor.=A-0007-MXZ01.Parameter.ParRelatedToUnitType2","DB40.W290",Word,1,R/W,100,,,,,,,,,,"",
"Element.SimpleMotor.=A-0007-MXZ01.Parameter.ParRelatedToUnitType3","DB40.W294",Word,1,R/W,100,,,,,,,,,,"",
"Element.SimpleMotor.=A-0007-MXZ01.Parameter.ParRelatedToUnitType4","DB40.W298",Word,1,R/W,100,,,,,,,,,,"",
"Element.SimpleMotor.=A-0007-MXZ01.Parameter.ParTimeOut","DB40.D282",DWord,1,R/W,100,,,,,,,,,,"",
"Element.SimpleMotor.=A-0007-MXZ01.States.StaFault","DB40.X280.4",Boolean,1,R/W,100,,,,,,,,,,"",
"Element.SimpleMotor.=A-0007-MXZ01.States.StaStarted","DB40.X280.1",Boolean,1,R/W,100,,,,,,,,,,"",
"Element.SimpleMotor.=A-0007-MXZ01.States.StaStarting","DB40.X280.0",Boolean,1,R/W,100,,,,,,,,,,"",
"Element.SimpleMotor.=A-0007-MXZ01.States.StaStopped","DB40.X280.3",Boolean,1,R/W,100,,,,,,,,,,"",
"Element.SimpleMotor.=A-0007-MXZ01.States.StaStopping","DB40.X280.2",Boolean,1,R/W,100,,,,,,,,,,"",
"Element.SimpleMotor.=A-0007-MXZ01.States.StaStopping1","DB40.X280.0",Boolean,1,R/W,100,,,,,,,,,,"",
"Element.SimpleMotor.=A-0014-MXZ01.Commands.CmdEnable","DB40.X4.0",Boolean,1,R/W,100,,,,,,,,,,"",
"Element.SimpleMotor.=A-0014-MXZ01.Commands.CmdEnableIdling","DB40.X4.1",Boolean,1,R/W,100,,,,,,,,,,"",
"Element.SimpleMotor.=A-0014-MXZ01.Commands.CmdFaultReset","DB40.X4.3",Boolean,1,R/W,100,,,,,,,,,,"",
"Element.SimpleMotor.=A-0014-MXZ01.Commands.CmdInterlock","DB40.X4.2",Boolean,1,R/W,100,,,,,,,,,,"",
"Element.SimpleMotor.=A-0014-MXZ01.Commands.CmdManual","DB40.X4.4",Boolean,1,R/W,100,,,,,,,,,,"",
"Element.SimpleMotor.=A-0014-MXZ01.Commands.CmdService","DB40.X4.5",Boolean,1,R/W,100,,,,,,,,,,"",
"Element.SimpleMotor.=A-0014-MXZ01.Commands.CmdUseByUnitIdent","DB40.W8",Word,1,R/W,100,,,,,,,,,,"",
"Element.SimpleMotor.=A-0014-MXZ01.Commands.CmdUseByUnitType","DB40.W6",Word,1,R/W,100,,,,,,,,,,"",
"Element.SimpleMotor.=A-0014-MXZ01.HardwareIO.ValInput1","DB40.X36.0",Boolean,1,R/W,100,,,,,,,,,,"",
"Element.SimpleMotor.=A-0014-MXZ01.HardwareIO.ValOutput1","DB40.X36.1",Boolean,1,R/W,100,,,,,,,,,,"",
"Element.SimpleMotor.=A-0014-MXZ01.Information.InfListIdent","DB40.W2",Word,1,R/W,100,,,,,,,,,,"",
"Element.SimpleMotor.=A-0014-MXZ01.Information.InfType","DB40.W0",Word,1,R/W,100,,,,,,,,,,"",
"Element.SimpleMotor.=A-0014-MXZ01.Parameter.ParAdrInput1","DB40.W32",Word,1,R/W,100,,,,,,,,,,"",
"Element.SimpleMotor.=A-0014-MXZ01.Parameter.ParAdrOutput1","DB40.W34",Word,1,R/W,100,,,,,,,,,,"",
"Element.SimpleMotor.=A-0014-MXZ01.Parameter.ParRelatedToUnitIdent1","DB40.W18",Word,1,R/W,100,,,,,,,,,,"",
"Element.SimpleMotor.=A-0014-MXZ01.Parameter.ParRelatedToUnitIdent2","DB40.W22",Word,1,R/W,100,,,,,,,,,,"",
"Element.SimpleMotor.=A-0014-MXZ01.Parameter.ParRelatedToUnitIdent3","DB40.W26",Word,1,R/W,100,,,,,,,,,,"",
"Element.SimpleMotor.=A-0014-MXZ01.Parameter.ParRelatedToUnitIdent4","DB40.W30",Word,1,R/W,100,,,,,,,,,,"",
"Element.SimpleMotor.=A-0014-MXZ01.Parameter.ParRelatedToUnitType1","DB40.W16",Word,1,R/W,100,,,,,,,,,,"",
"Element.SimpleMotor.=A-0014-MXZ01.Parameter.ParRelatedToUnitType2","DB40.W20",Word,1,R/W,100,,,,,,,,,,"",
"Element.SimpleMotor.=A-0014-MXZ01.Parameter.ParRelatedToUnitType3","DB40.W24",Word,1,R/W,100,,,,,,,,,,"",
"Element.SimpleMotor.=A-0014-MXZ01.Parameter.ParRelatedToUnitType4","DB40.W28",Word,1,R/W,100,,,,,,,,,,"",
"Element.SimpleMotor.=A-0014-MXZ01.Parameter.ParTimeOut","DB40.D12",DWord,1,R/W,100,,,,,,,,,,"",
"Element.SimpleMotor.=A-0014-MXZ01.States.StaFault","DB40.X10.4",Boolean,1,R/W,100,,,,,,,,,,"",
"Element.SimpleMotor.=A-0014-MXZ01.States.StaStarted","DB40.X10.1",Boolean,1,R/W,100,,,,,,,,,,"",
"Element.SimpleMotor.=A-0014-MXZ01.States.StaStarting","DB40.X10.0",Boolean,1,R/W,100,,,,,,,,,,"",
"Element.SimpleMotor.=A-0014-MXZ01.States.StaStopped","DB40.X10.3",Boolean,1,R/W,100,,,,,,,,,,"",
"Element.SimpleMotor.=A-0014-MXZ01.States.StaStopping","DB40.X10.2",Boolean,1,R/W,100,,,,,,,,,,"",
"Element.SpeedMonitor.=A-0003-BST12.Commands.CmdFaultReset","DB210.X4.1",Boolean,1,R/W,100,,,,,,,,,,"",
"Element.SpeedMonitor.=A-0003-BST12.Commands.CmdMonitoringEnable","DB210.X4.0",Boolean,1,R/W,100,,,,,,,,,,"",
"Element.SpeedMonitor.=A-0003-BST12.Commands.CmdUsebyUnitIdent","DB210.W8",Word,1,R/W,100,,,,,,,,,,"",
"Element.SpeedMonitor.=A-0003-BST12.Commands.CmdUsebyUnitType","DB210.W6",Word,1,R/W,100,,,,,,,,,,"",
"Element.SpeedMonitor.=A-0003-BST12.HardwareIO.ValInput1","DB210.X18.0",Boolean,1,R/W,100,,,,,,,,,,"",
"Element.SpeedMonitor.=A-0003-BST12.Information.InfListIdent","DB210.W2",Word,1,R/W,100,,,,,,,,,,"",
"Element.SpeedMonitor.=A-0003-BST12.Information.InfType","DB210.W0",Word,1,R/W,100,,,,,,,,,,"",
"Element.SpeedMonitor.=A-0003-BST12.Parameter.ParAdrInput1","DB210.W16",Word,1,R/W,100,,,,,,,,,,"",
"Element.SpeedMonitor.=A-0003-BST12.Parameter.ParMonitoringTime","DB210.D12",DWord,1,R/W,100,,,,,,,,,,"",
"Element.SpeedMonitor.=A-0003-BST12.States.StaFaulted","DB210.X10.1",Boolean,1,R/W,100,,,,,,,,,,"",
"Element.SpeedMonitor.=A-0003-BST12.States.StaHealty","DB210.X10.0",Boolean,1,R/W,100,,,,,,,,,,"",
"Element.ValveOpenClose.=A-0008-VLS01.Commands.CmdEnable","DB70.X4.0",Boolean,1,R/W,100,,,,,,,,,,"",
"Element.ValveOpenClose.=A-0008-VLS01.Commands.CmdEnableIdling","DB70.X4.1",Boolean,1,R/W,100,,,,,,,,,,"",
"Element.ValveOpenClose.=A-0008-VLS01.Commands.CmdFaultReset","DB70.X4.3",Boolean,1,R/W,100,,,,,,,,,,"",
"Element.ValveOpenClose.=A-0008-VLS01.Commands.CmdInterlock","DB70.X4.2",Boolean,1,R/W,100,,,,,,,,,,"",
"Element.ValveOpenClose.=A-0008-VLS01.Commands.CmdManual","DB70.X4.4",Boolean,1,R/W,100,,,,,,,,,,"",
"Element.ValveOpenClose.=A-0008-VLS01.Commands.CmdService","DB70.X4.5",Boolean,1,R/W,100,,,,,,,,,,"",
"Element.ValveOpenClose.=A-0008-VLS01.Commands.CmdUseByUnitIdent","DB70.W8",Word,1,R/W,100,,,,,,,,,,"",
"Element.ValveOpenClose.=A-0008-VLS01.Commands.CmdUseByUnitType","DB70.W6",Word,1,R/W,100,,,,,,,,,,"",
"Element.ValveOpenClose.=A-0008-VLS01.HardwareIO.ValInput1","DB70.X40.0",Boolean,1,R/W,100,,,,,,,,,,"",
"Element.ValveOpenClose.=A-0008-VLS01.HardwareIO.ValInput2","DB70.X40.1",Boolean,1,R/W,100,,,,,,,,,,"",
"Element.ValveOpenClose.=A-0008-VLS01.HardwareIO.ValOutput1","DB70.X40.2",Boolean,1,R/W,100,,,,,,,,,,"",
"Element.ValveOpenClose.=A-0008-VLS01.HardwareIO.ValOutput2","DB70.X40.3",Boolean,1,R/W,100,,,,,,,,,,"",
"Element.ValveOpenClose.=A-0008-VLS01.Information.InfListIdent","DB70.W2",Word,1,R/W,100,,,,,,,,,,"",
"Element.ValveOpenClose.=A-0008-VLS01.Information.InfType","DB70.W0",Word,1,R/W,100,,,,,,,,,,"",
"Element.ValveOpenClose.=A-0008-VLS01.Parameter.ParAdrInput1","DB70.W32",Word,1,R/W,100,,,,,,,,,,"",
"Element.ValveOpenClose.=A-0008-VLS01.Parameter.ParAdrInput2","DB70.W34",Word,1,R/W,100,,,,,,,,,,"",
"Element.ValveOpenClose.=A-0008-VLS01.Parameter.ParAdrOutput1","DB70.W36",Word,1,R/W,100,,,,,,,,,,"",
"Element.ValveOpenClose.=A-0008-VLS01.Parameter.ParAdrOutput2","DB70.W38",Word,1,R/W,100,,,,,,,,,,"",
"Element.ValveOpenClose.=A-0008-VLS01.Parameter.ParRelatedToUnitIdent1","DB70.W18",Word,1,R/W,100,,,,,,,,,,"",
"Element.ValveOpenClose.=A-0008-VLS01.Parameter.ParRelatedToUnitIdent2","DB70.W22",Word,1,R/W,100,,,,,,,,,,"",
"Element.ValveOpenClose.=A-0008-VLS01.Parameter.ParRelatedToUnitIdent3","DB70.W26",Word,1,R/W,100,,,,,,,,,,"",
"Element.ValveOpenClose.=A-0008-VLS01.Parameter.ParRelatedToUnitIdent4","DB70.W30",Word,1,R/W,100,,,,,,,,,,"",
"Element.ValveOpenClose.=A-0008-VLS01.Parameter.ParRelatedToUnitType1","DB70.W16",Word,1,R/W,100,,,,,,,,,,"",
"Element.ValveOpenClose.=A-0008-VLS01.Parameter.ParRelatedToUnitType2","DB70.W20",Word,1,R/W,100,,,,,,,,,,"",
"Element.ValveOpenClose.=A-0008-VLS01.Parameter.ParRelatedToUnitType3","DB70.W24",Word,1,R/W,100,,,,,,,,,,"",
"Element.ValveOpenClose.=A-0008-VLS01.Parameter.ParRelatedToUnitType4","DB70.W28",Word,1,R/W,100,,,,,,,,,,"",
"Element.ValveOpenClose.=A-0008-VLS01.Parameter.ParTimeOut","DB70.D12",DWord,1,R/W,100,,,,,,,,,,"",
"Element.ValveOpenClose.=A-0008-VLS01.States.StaClosed","DB70.X10.3",Boolean,1,R/W,100,,,,,,,,,,"",
"Element.ValveOpenClose.=A-0008-VLS01.States.StaClosing","DB70.X10.2",Boolean,1,R/W,100,,,,,,,,,,"",
"Element.ValveOpenClose.=A-0008-VLS01.States.StaFault","DB70.X10.4",Boolean,1,R/W,100,,,,,,,,,,"",
"Element.ValveOpenClose.=A-0008-VLS01.States.StaOpened","DB70.X10.1",Boolean,1,R/W,100,,,,,,,,,,"",
"Element.ValveOpenClose.=A-0008-VLS01.States.StaOpening","DB70.X10.0",Boolean,1,R/W,100,,,,,,,,,,"",
"Element.ValveOpenClose.=A-0009-VLS01.Commands.CmdEnable","DB70.X62.0",Boolean,1,R/W,100,,,,,,,,,,"",
"Element.ValveOpenClose.=A-0009-VLS01.Commands.CmdEnableIdling","DB70.X62.1",Boolean,1,R/W,100,,,,,,,,,,"",
"Element.ValveOpenClose.=A-0009-VLS01.Commands.CmdFaultReset","DB70.X62.3",Boolean,1,R/W,100,,,,,,,,,,"",
"Element.ValveOpenClose.=A-0009-VLS01.Commands.CmdInterlock","DB70.X62.2",Boolean,1,R/W,100,,,,,,,,,,"",
"Element.ValveOpenClose.=A-0009-VLS01.Commands.CmdManual","DB70.X62.4",Boolean,1,R/W,100,,,,,,,,,,"",
"Element.ValveOpenClose.=A-0009-VLS01.Commands.CmdService","DB70.X62.5",Boolean,1,R/W,100,,,,,,,,,,"",
"Element.ValveOpenClose.=A-0009-VLS01.Commands.CmdUseByUnitIdent","DB70.W66",Word,1,R/W,100,,,,,,,,,,"",
"Element.ValveOpenClose.=A-0009-VLS01.Commands.CmdUseByUnitType","DB70.W64",Word,1,R/W,100,,,,,,,,,,"",
"Element.ValveOpenClose.=A-0009-VLS01.HardwareIO.ValInput1","DB70.X98.0",Boolean,1,R/W,100,,,,,,,,,,"",
"Element.ValveOpenClose.=A-0009-VLS01.HardwareIO.ValInput2","DB70.X98.1",Boolean,1,R/W,100,,,,,,,,,,"",
"Element.ValveOpenClose.=A-0009-VLS01.HardwareIO.ValOutput1","DB70.X98.2",Boolean,1,R/W,100,,,,,,,,,,"",
"Element.ValveOpenClose.=A-0009-VLS01.HardwareIO.ValOutput2","DB70.X98.3",Boolean,1,R/W,100,,,,,,,,,,"",
"Element.ValveOpenClose.=A-0009-VLS01.Information.InfListIdent","DB70.W60",Word,1,R/W,100,,,,,,,,,,"",
"Element.ValveOpenClose.=A-0009-VLS01.Information.InfType","DB70.W58",Word,1,R/W,100,,,,,,,,,,"",
"Element.ValveOpenClose.=A-0009-VLS01.Parameter.ParAdrInput1","DB70.W90",Word,1,R/W,100,,,,,,,,,,"",
"Element.ValveOpenClose.=A-0009-VLS01.Parameter.ParAdrInput2","DB70.W92",Word,1,R/W,100,,,,,,,,,,"",
"Element.ValveOpenClose.=A-0009-VLS01.Parameter.ParAdrOutput1","DB70.W94",Word,1,R/W,100,,,,,,,,,,"",
"Element.ValveOpenClose.=A-0009-VLS01.Parameter.ParAdrOutput2","DB70.W96",Word,1,R/W,100,,,,,,,,,,"",
"Element.ValveOpenClose.=A-0009-VLS01.Parameter.ParRelatedToUnitIdent1","DB70.W76",Word,1,R/W,100,,,,,,,,,,"",
"Element.ValveOpenClose.=A-0009-VLS01.Parameter.ParRelatedToUnitIdent2","DB70.W80",Word,1,R/W,100,,,,,,,,,,"",
"Element.ValveOpenClose.=A-0009-VLS01.Parameter.ParRelatedToUnitIdent3","DB70.W84",Word,1,R/W,100,,,,,,,,,,"",
"Element.ValveOpenClose.=A-0009-VLS01.Parameter.ParRelatedToUnitIdent4","DB70.W88",Word,1,R/W,100,,,,,,,,,,"",
"Element.ValveOpenClose.=A-0009-VLS01.Parameter.ParRelatedToUnitType1","DB70.W74",Word,1,R/W,100,,,,,,,,,,"",
"Element.ValveOpenClose.=A-0009-VLS01.Parameter.ParRelatedToUnitType2","DB70.W78",Word,1,R/W,100,,,,,,,,,,"",
"Element.ValveOpenClose.=A-0009-VLS01.Parameter.ParRelatedToUnitType3","DB70.W82",Word,1,R/W,100,,,,,,,,,,"",
"Element.ValveOpenClose.=A-0009-VLS01.Parameter.ParRelatedToUnitType4","DB70.W86",Word,1,R/W,100,,,,,,,,,,"",
"Element.ValveOpenClose.=A-0009-VLS01.Parameter.ParTimeOut","DB70.D70",DWord,1,R/W,100,,,,,,,,,,"",
"Element.ValveOpenClose.=A-0009-VLS01.States.StaClosed","DB70.X68.3",Boolean,1,R/W,100,,,,,,,,,,"",
"Element.ValveOpenClose.=A-0009-VLS01.States.StaClosing","DB70.X68.2",Boolean,1,R/W,100,,,,,,,,,,"",
"Element.ValveOpenClose.=A-0009-VLS01.States.StaFault","DB70.X68.4",Boolean,1,R/W,100,,,,,,,,,,"",
"Element.ValveOpenClose.=A-0009-VLS01.States.StaOpened","DB70.X68.1",Boolean,1,R/W,100,,,,,,,,,,"",
"Element.ValveOpenClose.=A-0009-VLS01.States.StaOpening","DB70.X68.0",Boolean,1,R/W,100,,,,,,,,,,"",
"Element.ValveOpenClose.=A-0010-VLS01.Commands.CmdEnable","DB70.X120.0",Boolean,1,R/W,100,,,,,,,,,,"",
"Element.ValveOpenClose.=A-0010-VLS01.Commands.CmdEnableIdling","DB70.X120.1",Boolean,1,R/W,100,,,,,,,,,,"",
"Element.ValveOpenClose.=A-0010-VLS01.Commands.CmdFaultReset","DB70.X120.3",Boolean,1,R/W,100,,,,,,,,,,"",
"Element.ValveOpenClose.=A-0010-VLS01.Commands.CmdInterlock","DB70.X120.2",Boolean,1,R/W,100,,,,,,,,,,"",
"Element.ValveOpenClose.=A-0010-VLS01.Commands.CmdManual","DB70.X120.4",Boolean,1,R/W,100,,,,,,,,,,"",
"Element.ValveOpenClose.=A-0010-VLS01.Commands.CmdService","DB70.X120.5",Boolean,1,R/W,100,,,,,,,,,,"",
"Element.ValveOpenClose.=A-0010-VLS01.Commands.CmdUseByUnitIdent","DB70.W124",Word,1,R/W,100,,,,,,,,,,"",
"Element.ValveOpenClose.=A-0010-VLS01.Commands.CmdUseByUnitType","DB70.W122",Word,1,R/W,100,,,,,,,,,,"",
"Element.ValveOpenClose.=A-0010-VLS01.HardwareIO.ValInput1","DB70.X156.0",Boolean,1,R/W,100,,,,,,,,,,"",
"Element.ValveOpenClose.=A-0010-VLS01.HardwareIO.ValInput2","DB70.X156.1",Boolean,1,R/W,100,,,,,,,,,,"",
"Element.ValveOpenClose.=A-0010-VLS01.HardwareIO.ValOutput1","DB70.X156.2",Boolean,1,R/W,100,,,,,,,,,,"",
"Element.ValveOpenClose.=A-0010-VLS01.HardwareIO.ValOutput2","DB70.X156.3",Boolean,1,R/W,100,,,,,,,,,,"",
"Element.ValveOpenClose.=A-0010-VLS01.Information.InfListIdent","DB70.W118",Word,1,R/W,100,,,,,,,,,,"",
"Element.ValveOpenClose.=A-0010-VLS01.Information.InfType","DB70.W116",Word,1,R/W,100,,,,,,,,,,"",
"Element.ValveOpenClose.=A-0010-VLS01.Parameter.ParAdrInput1","DB70.W148",Word,1,R/W,100,,,,,,,,,,"",
"Element.ValveOpenClose.=A-0010-VLS01.Parameter.ParAdrInput2","DB70.W150",Word,1,R/W,100,,,,,,,,,,"",
"Element.ValveOpenClose.=A-0010-VLS01.Parameter.ParAdrOutput1","DB70.W152",Word,1,R/W,100,,,,,,,,,,"",
"Element.ValveOpenClose.=A-0010-VLS01.Parameter.ParAdrOutput2","DB70.W154",Word,1,R/W,100,,,,,,,,,,"",
"Element.ValveOpenClose.=A-0010-VLS01.Parameter.ParRelatedToUnitIdent1","DB70.W134",Word,1,R/W,100,,,,,,,,,,"",
"Element.ValveOpenClose.=A-0010-VLS01.Parameter.ParRelatedToUnitIdent2","DB70.W138",Word,1,R/W,100,,,,,,,,,,"",
"Element.ValveOpenClose.=A-0010-VLS01.Parameter.ParRelatedToUnitIdent3","DB70.W142",Word,1,R/W,100,,,,,,,,,,"",
"Element.ValveOpenClose.=A-0010-VLS01.Parameter.ParRelatedToUnitIdent4","DB70.W146",Word,1,R/W,100,,,,,,,,,,"",
"Element.ValveOpenClose.=A-0010-VLS01.Parameter.ParRelatedToUnitType1","DB70.W132",Word,1,R/W,100,,,,,,,,,,"",
"Element.ValveOpenClose.=A-0010-VLS01.Parameter.ParRelatedToUnitType2","DB70.W136",Word,1,R/W,100,,,,,,,,,,"",
"Element.ValveOpenClose.=A-0010-VLS01.Parameter.ParRelatedToUnitType3","DB70.W140",Word,1,R/W,100,,,,,,,,,,"",
"Element.ValveOpenClose.=A-0010-VLS01.Parameter.ParRelatedToUnitType4","DB70.W144",Word,1,R/W,100,,,,,,,,,,"",
"Element.ValveOpenClose.=A-0010-VLS01.Parameter.ParTimeOut","DB70.D128",DWord,1,R/W,100,,,,,,,,,,"",
"Element.ValveOpenClose.=A-0010-VLS01.States.StaClosed","DB70.X126.3",Boolean,1,R/W,100,,,,,,,,,,"",
"Element.ValveOpenClose.=A-0010-VLS01.States.StaClosing","DB70.X126.2",Boolean,1,R/W,100,,,,,,,,,,"",
"Element.ValveOpenClose.=A-0010-VLS01.States.StaFault","DB70.X126.4",Boolean,1,R/W,100,,,,,,,,,,"",
"Element.ValveOpenClose.=A-0010-VLS01.States.StaOpened","DB70.X126.1",Boolean,1,R/W,100,,,,,,,,,,"",
"Element.ValveOpenClose.=A-0010-VLS01.States.StaOpening","DB70.X126.0",Boolean,1,R/W,100,,,,,,,,,,"",
"System.HandShake","DB1.X0.1",Boolean,1,R/W,10,,,,,,,,,,"",
"System.HighestCycleTime","DB1.D2",DWord,1,R/W,100,,,,,,,,,,"",
"System.LiveTimePreset","DB1.D10",DWord,1,R/W,100,,,,,,,,,,"",
"System.ProjectCycleTime","DB1.D6",DWord,1,R/W,100,,,,,,,,,,"",
"Unit.LBCA.=A-0002.Commands.CmdEnable","DB140.X4.0",Boolean,1,R/W,100,,,,,,,,,,"",
"Unit.LBCA.=A-0002.Commands.CmdEnableIdeling","DB140.X4.1",Boolean,1,R/W,100,,,,,,,,,,"",
"Unit.LBCA.=A-0002.Commands.CmdFaultReset","DB140.X4.3",Boolean,1,R/W,100,,,,,,,,,,"",
"Unit.LBCA.=A-0002.Commands.CmdInterlock","DB140.X4.2",Boolean,1,R/W,100,,,,,,,,,,"",
"Unit.LBCA.=A-0002.Commands.CmdUsebyUnitIdent","DB140.W8",Word,1,R/W,100,,,,,,,,,,"",
"Unit.LBCA.=A-0002.Commands.CmdUseByUnitType","DB140.W6",Word,1,R/W,100,,,,,,,,,,"",
"Unit.LBCA.=A-0002.Elements.ElmIdentMotor1","DB140.W52",Word,1,R/W,100,,,,,,,,,,"",
"Unit.LBCA.=A-0002.Elements.ElmIdentOverflowFlap1","DB140.W56",Word,1,R/W,100,,,,,,,,,,"",
"Unit.LBCA.=A-0002.Elements.ElmIdentSpeedMonitor","DB140.W60",Word,1,R/W,100,,,,,,,,,,"",
"Unit.LBCA.=A-0002.Elements.ElmTypeMotor1","DB140.W50",Word,1,R/W,100,,,,,,,,,,"",
"Unit.LBCA.=A-0002.Elements.ElmTypeOverflowFlap1","DB140.W54",Word,1,R/W,100,,,,,,,,,,"",
"Unit.LBCA.=A-0002.Elements.ElmTypeSpeedMonitor","DB140.W58",Word,1,R/W,100,,,,,,,,,,"",
"Unit.LBCA.=A-0002.Information.InfListIdent","DB140.W2",Word,1,R/W,100,,,,,,,,,,"",
"Unit.LBCA.=A-0002.Information.InfType","DB140.W0",Word,1,R/W,100,,,,,,,,,,"",
"Unit.LBCA.=A-0002.Parameter.ParIdelingTime","DB140.D12",DWord,1,R/W,100,,,,,,,,,,"",
"Unit.LBCA.=A-0002.Parameter.ParRelatedToUnitIdent1","DB140.W36",Word,1,R/W,100,,,,,,,,,,"",
"Unit.LBCA.=A-0002.Parameter.ParRelatedToUnitIdent2","DB140.W40",Word,1,R/W,100,,,,,,,,,,"",
"Unit.LBCA.=A-0002.Parameter.ParRelatedToUnitIdent3","DB140.W44",Word,1,R/W,100,,,,,,,,,,"",
"Unit.LBCA.=A-0002.Parameter.ParRelatedToUnitIdent4","DB140.W48",Word,1,R/W,100,,,,,,,,,,"",
"Unit.LBCA.=A-0002.Parameter.ParRelatedToUnitType1","DB140.W34",Word,1,R/W,100,,,,,,,,,,"",
"Unit.LBCA.=A-0002.Parameter.ParRelatedToUnitType2","DB140.W38",Word,1,R/W,100,,,,,,,,,,"",
"Unit.LBCA.=A-0002.Parameter.ParRelatedToUnitType3","DB140.W42",Word,1,R/W,100,,,,,,,,,,"",
"Unit.LBCA.=A-0002.Parameter.ParRelatedToUnitType4","DB140.W46",Word,1,R/W,100,,,,,,,,,,"",
"Unit.LBCA.=A-0002.Parameter.ParStartDelay","DB140.D24",DWord,1,R/W,100,,,,,,,,,,"",
"Unit.LBCA.=A-0002.Parameter.ParStartingTime","DB140.D16",DWord,1,R/W,100,,,,,,,,,,"",
"Unit.LBCA.=A-0002.Parameter.ParStopDelay","DB140.D28",DWord,1,R/W,100,,,,,,,,,,"",
"Unit.LBCA.=A-0002.Parameter.ParStoppingTime","DB140.D20",DWord,1,R/W,100,,,,,,,,,,"",
"Unit.LBCA.=A-0002.Parameter.ParWithOverflowFlap","DB140.X32.0",Boolean,1,R/W,100,,,,,,,,,,"",
"Unit.LBCA.=A-0002.Parameter.ParWithSpeedMonitor","DB140.X32.1",Boolean,1,R/W,100,,,,,,,,,,"",
"Unit.LBCA.=A-0002.States.StaFault","DB140.X12.5",Boolean,1,R/W,100,,,,,,,,,,"",
"Unit.LBCA.=A-0002.States.StaIdeling","DB140.X10.2",Boolean,1,R/W,100,,,,,,,,,,"",
"Unit.LBCA.=A-0002.States.StaStarted","DB140.X10.1",Boolean,1,R/W,100,,,,,,,,,,"",
"Unit.LBCA.=A-0002.States.StaStarting","DB140.X10.0",Boolean,1,R/W,100,,,,,,,,,,"",
"Unit.LBCA.=A-0002.States.StaStopped","DB140.X10.4",Boolean,1,R/W,100,,,,,,,,,,"",
"Unit.LBCA.=A-0002.States.StaStopping","DB140.X10.3",Boolean,1,R/W,100,,,,,,,,,,"",
"Unit.LBCA.=A-0006.Commands.CmdEnable","DB140.X146.0",Boolean,1,R/W,100,,,,,,,,,,"",
"Unit.LBCA.=A-0006.Commands.CmdEnableIdeling","DB140.X146.1",Boolean,1,R/W,100,,,,,,,,,,"",
"Unit.LBCA.=A-0006.Commands.CmdFaultReset","DB140.X146.3",Boolean,1,R/W,100,,,,,,,,,,"",
"Unit.LBCA.=A-0006.Commands.CmdInterlock","DB140.X146.2",Boolean,1,R/W,100,,,,,,,,,,"",
"Unit.LBCA.=A-0006.Commands.CmdUsebyUnitIdent","DB140.W150",Word,1,R/W,100,,,,,,,,,,"",
"Unit.LBCA.=A-0006.Commands.CmdUseByUnitType","DB140.W148",Word,1,R/W,100,,,,,,,,,,"",
"Unit.LBCA.=A-0006.Elements.ElmIdentMotor1","DB140.W194",Word,1,R/W,100,,,,,,,,,,"",
"Unit.LBCA.=A-0006.Elements.ElmIdentOverflowFlap1","DB140.W198",Word,1,R/W,100,,,,,,,,,,"",
"Unit.LBCA.=A-0006.Elements.ElmIdentSpeedMonitor","DB140.W202",Word,1,R/W,100,,,,,,,,,,"",
"Unit.LBCA.=A-0006.Elements.ElmTypeMotor1","DB140.W192",Word,1,R/W,100,,,,,,,,,,"",
"Unit.LBCA.=A-0006.Elements.ElmTypeOverflowFlap1","DB140.W196",Word,1,R/W,100,,,,,,,,,,"",
"Unit.LBCA.=A-0006.Elements.ElmTypeSpeedMonitor","DB140.W200",Word,1,R/W,100,,,,,,,,,,"",
"Unit.LBCA.=A-0006.Information.InfListIdent","DB140.W144",Word,1,R/W,100,,,,,,,,,,"",
"Unit.LBCA.=A-0006.Information.InfType","DB140.W142",Word,1,R/W,100,,,,,,,,,,"",
"Unit.LBCA.=A-0006.Parameter.ParIdelingTime","DB140.D154",DWord,1,R/W,100,,,,,,,,,,"",
"Unit.LBCA.=A-0006.Parameter.ParRelatedToUnitIdent1","DB140.W178",Word,1,R/W,100,,,,,,,,,,"",
"Unit.LBCA.=A-0006.Parameter.ParRelatedToUnitIdent2","DB140.W182",Word,1,R/W,100,,,,,,,,,,"",
"Unit.LBCA.=A-0006.Parameter.ParRelatedToUnitIdent3","DB140.W186",Word,1,R/W,100,,,,,,,,,,"",
"Unit.LBCA.=A-0006.Parameter.ParRelatedToUnitIdent4","DB140.W190",Word,1,R/W,100,,,,,,,,,,"",
"Unit.LBCA.=A-0006.Parameter.ParRelatedToUnitType1","DB140.W176",Word,1,R/W,100,,,,,,,,,,"",
"Unit.LBCA.=A-0006.Parameter.ParRelatedToUnitType2","DB140.W180",Word,1,R/W,100,,,,,,,,,,"",
"Unit.LBCA.=A-0006.Parameter.ParRelatedToUnitType3","DB140.W184",Word,1,R/W,100,,,,,,,,,,"",
"Unit.LBCA.=A-0006.Parameter.ParRelatedToUnitType4","DB140.W188",Word,1,R/W,100,,,,,,,,,,"",
"Unit.LBCA.=A-0006.Parameter.ParStartDelay","DB140.D166",DWord,1,R/W,100,,,,,,,,,,"",
"Unit.LBCA.=A-0006.Parameter.ParStartingTime","DB140.D158",DWord,1,R/W,100,,,,,,,,,,"",
"Unit.LBCA.=A-0006.Parameter.ParStopDelay","DB140.D170",DWord,1,R/W,100,,,,,,,,,,"",
"Unit.LBCA.=A-0006.Parameter.ParStoppingTime","DB140.D162",DWord,1,R/W,100,,,,,,,,,,"",
"Unit.LBCA.=A-0006.Parameter.ParWithOverflowFlap","DB140.X174.0",Boolean,1,R/W,100,,,,,,,,,,"",
"Unit.LBCA.=A-0006.Parameter.ParWithSpeedMonitor","DB140.X174.1",Boolean,1,R/W,100,,,,,,,,,,"",
"Unit.LBCA.=A-0006.States.StaFault","DB140.X152.5",Boolean,1,R/W,100,,,,,,,,,,"",
"Unit.LBCA.=A-0006.States.StaIdeling","DB140.X152.2",Boolean,1,R/W,100,,,,,,,,,,"",
"Unit.LBCA.=A-0006.States.StaStarted","DB140.X152.1",Boolean,1,R/W,100,,,,,,,,,,"",
"Unit.LBCA.=A-0006.States.StaStarting","DB140.X152.0",Boolean,1,R/W,100,,,,,,,,,,"",
"Unit.LBCA.=A-0006.States.StaStopped","DB140.X152.4",Boolean,1,R/W,100,,,,,,,,,,"",
"Unit.LBCA.=A-0006.States.StaStopping","DB140.X152.3",Boolean,1,R/W,100,,,,,,,,,,"",
"Unit.LBCA.=A-0007.Commands.CmdEnable","DB140.X288.0",Boolean,1,R/W,100,,,,,,,,,,"",
"Unit.LBCA.=A-0007.Commands.CmdEnableIdeling","DB140.X288.1",Boolean,1,R/W,100,,,,,,,,,,"",
"Unit.LBCA.=A-0007.Commands.CmdFaultReset","DB140.X288.3",Boolean,1,R/W,100,,,,,,,,,,"",
"Unit.LBCA.=A-0007.Commands.CmdInterlock","DB140.X288.2",Boolean,1,R/W,100,,,,,,,,,,"",
"Unit.LBCA.=A-0007.Commands.CmdUsebyUnitIdent","DB140.W292",Word,1,R/W,100,,,,,,,,,,"",
"Unit.LBCA.=A-0007.Commands.CmdUseByUnitType","DB140.W290",Word,1,R/W,100,,,,,,,,,,"",
"Unit.LBCA.=A-0007.Elements.ElmIdentMotor1","DB140.W336",Word,1,R/W,100,,,,,,,,,,"",
"Unit.LBCA.=A-0007.Elements.ElmIdentOverflowFlap1","DB140.W340",Word,1,R/W,100,,,,,,,,,,"",
"Unit.LBCA.=A-0007.Elements.ElmIdentSpeedMonitor","DB140.W346",Word,1,R/W,100,,,,,,,,,,"",
"Unit.LBCA.=A-0007.Elements.ElmTypeMotor1","DB140.W334",Word,1,R/W,100,,,,,,,,,,"",
"Unit.LBCA.=A-0007.Elements.ElmTypeOverflowFlap1","DB140.W338",Word,1,R/W,100,,,,,,,,,,"",
"Unit.LBCA.=A-0007.Elements.ElmTypeSpeedMonitor","DB140.W342",Word,1,R/W,100,,,,,,,,,,"",
"Unit.LBCA.=A-0007.Information.InfListIdent","DB140.W286",Word,1,R/W,100,,,,,,,,,,"",
"Unit.LBCA.=A-0007.Information.InfType","DB140.W284",Word,1,R/W,100,,,,,,,,,,"",
"Unit.LBCA.=A-0007.Parameter.ParIdelingTime","DB140.D296",DWord,1,R/W,100,,,,,,,,,,"",
"Unit.LBCA.=A-0007.Parameter.ParRelatedToUnitIdent1","DB140.W320",Word,1,R/W,100,,,,,,,,,,"",
"Unit.LBCA.=A-0007.Parameter.ParRelatedToUnitIdent2","DB140.W324",Word,1,R/W,100,,,,,,,,,,"",
"Unit.LBCA.=A-0007.Parameter.ParRelatedToUnitIdent3","DB140.W328",Word,1,R/W,100,,,,,,,,,,"",
"Unit.LBCA.=A-0007.Parameter.ParRelatedToUnitIdent4","DB140.W332",Word,1,R/W,100,,,,,,,,,,"",
"Unit.LBCA.=A-0007.Parameter.ParRelatedToUnitType1","DB140.W318",Word,1,R/W,100,,,,,,,,,,"",
"Unit.LBCA.=A-0007.Parameter.ParRelatedToUnitType2","DB140.W322",Word,1,R/W,100,,,,,,,,,,"",
"Unit.LBCA.=A-0007.Parameter.ParRelatedToUnitType3","DB140.W326",Word,1,R/W,100,,,,,,,,,,"",
"Unit.LBCA.=A-0007.Parameter.ParRelatedToUnitType4","DB140.W330",Word,1,R/W,100,,,,,,,,,,"",
"Unit.LBCA.=A-0007.Parameter.ParStartDelay","DB140.D308",DWord,1,R/W,100,,,,,,,,,,"",
"Unit.LBCA.=A-0007.Parameter.ParStartingTime","DB140.D300",DWord,1,R/W,100,,,,,,,,,,"",
"Unit.LBCA.=A-0007.Parameter.ParStopDelay","DB140.D312",DWord,1,R/W,100,,,,,,,,,,"",
"Unit.LBCA.=A-0007.Parameter.ParStoppingTime","DB140.D304",DWord,1,R/W,100,,,,,,,,,,"",
"Unit.LBCA.=A-0007.Parameter.ParWithOverflowFlap","DB140.X316.0",Boolean,1,R/W,100,,,,,,,,,,"",
"Unit.LBCA.=A-0007.Parameter.ParWithSpeedMonitor","DB140.X316.01",Boolean,1,R/W,100,,,,,,,,,,"",
"Unit.LBCA.=A-0007.States.StaFault","DB140.X294.5",Boolean,1,R/W,100,,,,,,,,,,"",
"Unit.LBCA.=A-0007.States.StaIdeling","DB140.X294.2",Boolean,1,R/W,100,,,,,,,,,,"",
"Unit.LBCA.=A-0007.States.StaStarted","DB140.X294.1",Boolean,1,R/W,100,,,,,,,,,,"",
"Unit.LBCA.=A-0007.States.StaStarting","DB140.X294.0",Boolean,1,R/W,100,,,,,,,,,,"",
"Unit.LBCA.=A-0007.States.StaStopped","DB140.X294.4",Boolean,1,R/W,100,,,,,,,,,,"",
"Unit.LBCA.=A-0007.States.StaStopping","DB140.X294.3",Boolean,1,R/W,100,,,,,,,,,,"",
"Unit.LBEA.=A-0003.Commands.CmdEnable","DB150.X4.0",Boolean,1,R/W,100,,,,,,,,,,"",
"Unit.LBEA.=A-0003.Commands.CmdEnableIdeling","DB150.X4.1",Boolean,1,R/W,100,,,,,,,,,,"",
"Unit.LBEA.=A-0003.Commands.CmdFaultReset","DB150.X4.3",Boolean,1,R/W,100,,,,,,,,,,"",
"Unit.LBEA.=A-0003.Commands.CmdInterlock","DB150.X4.2",Boolean,1,R/W,100,,,,,,,,,,"",
"Unit.LBEA.=A-0003.Commands.CmdUsebyUnitIdent","DB150.W8",Word,1,R/W,100,,,,,,,,,,"",
"Unit.LBEA.=A-0003.Commands.CmdUseByUnitType","DB150.W6",Word,1,R/W,100,,,,,,,,,,"",
"Unit.LBEA.=A-0003.Elements.ElmIdentBeltMonitor1","DB150.W56",Word,1,R/W,100,,,,,,,,,,"",
"Unit.LBEA.=A-0003.Elements.ElmIdentBeltMonitor2","DB150.W60",Word,1,R/W,100,,,,,,,,,,"",
"Unit.LBEA.=A-0003.Elements.ElmIdentBeltMonitor3","DB150.W64",Word,1,R/W,100,,,,,,,,,,"",
"Unit.LBEA.=A-0003.Elements.ElmIdentBeltMonitor4","DB150.W68",Word,1,R/W,100,,,,,,,,,,"",
"Unit.LBEA.=A-0003.Elements.ElmIdentMotor1","DB150.W52",Word,1,R/W,100,,,,,,,,,,"",
"Unit.LBEA.=A-0003.Elements.ElmIdentSpeedMonitor","DB150.W72",Word,1,R/W,100,,,,,,,,,,"",
"Unit.LBEA.=A-0003.Elements.ElmTypeBeltMonitor1","DB150.W54",Word,1,R/W,100,,,,,,,,,,"",
"Unit.LBEA.=A-0003.Elements.ElmTypeBeltMonitor2","DB150.W58",Word,1,R/W,100,,,,,,,,,,"",
"Unit.LBEA.=A-0003.Elements.ElmTypeBeltMonitor3","DB150.W62",Word,1,R/W,100,,,,,,,,,,"",
"Unit.LBEA.=A-0003.Elements.ElmTypeBeltMonitor4","DB150.W66",Word,1,R/W,100,,,,,,,,,,"",
"Unit.LBEA.=A-0003.Elements.ElmTypeMotor1","DB150.W50",Word,1,R/W,100,,,,,,,,,,"",
"Unit.LBEA.=A-0003.Elements.ElmTypeSpeedMonitor","DB150.W70",Word,1,R/W,100,,,,,,,,,,"",
"Unit.LBEA.=A-0003.Information.InfListIdent","DB150.W2",Word,1,R/W,100,,,,,,,,,,"",
"Unit.LBEA.=A-0003.Information.InfType","DB150.W0",Word,1,R/W,100,,,,,,,,,,"",
"Unit.LBEA.=A-0003.Parameter.ParIdelingTime","DB150.D12",DWord,1,R/W,100,,,,,,,,,,"",
"Unit.LBEA.=A-0003.Parameter.ParRelatedToUnitIdent1","DB150.W36",Word,1,R/W,100,,,,,,,,,,"",
"Unit.LBEA.=A-0003.Parameter.ParRelatedToUnitIdent2","DB150.W40",Word,1,R/W,100,,,,,,,,,,"",
"Unit.LBEA.=A-0003.Parameter.ParRelatedToUnitIdent3","DB150.W44",Word,1,R/W,100,,,,,,,,,,"",
"Unit.LBEA.=A-0003.Parameter.ParRelatedToUnitIdent4","DB150.W48",Word,1,R/W,100,,,,,,,,,,"",
"Unit.LBEA.=A-0003.Parameter.ParRelatedToUnitType1","DB150.W34",Word,1,R/W,100,,,,,,,,,,"",
"Unit.LBEA.=A-0003.Parameter.ParRelatedToUnitType2","DB150.W38",Word,1,R/W,100,,,,,,,,,,"",
"Unit.LBEA.=A-0003.Parameter.ParRelatedToUnitType3","DB150.W42",Word,1,R/W,100,,,,,,,,,,"",
"Unit.LBEA.=A-0003.Parameter.ParRelatedToUnitType4","DB150.W46",Word,1,R/W,100,,,,,,,,,,"",
"Unit.LBEA.=A-0003.Parameter.ParStartDelay","DB150.D24",DWord,1,R/W,100,,,,,,,,,,"",
"Unit.LBEA.=A-0003.Parameter.ParStartingTime","DB150.D16",DWord,1,R/W,100,,,,,,,,,,"",
"Unit.LBEA.=A-0003.Parameter.ParStopDelay","DB150.D28",DWord,1,R/W,100,,,,,,,,,,"",
"Unit.LBEA.=A-0003.Parameter.ParStoppingTime","DB150.D20",DWord,1,R/W,100,,,,,,,,,,"",
"Unit.LBEA.=A-0003.Parameter.ParWithBeltMonitor1","DB150.X32.0",Boolean,1,R/W,100,,,,,,,,,,"",
"Unit.LBEA.=A-0003.Parameter.ParWithBeltMonitor2","DB150.X32.1",Boolean,1,R/W,100,,,,,,,,,,"",
"Unit.LBEA.=A-0003.Parameter.ParWithBeltMonitor3","DB150.X32.2",Boolean,1,R/W,100,,,,,,,,,,"",
"Unit.LBEA.=A-0003.Parameter.ParWithBeltMonitor4","DB150.X32.3",Boolean,1,R/W,100,,,,,,,,,,"",
"Unit.LBEA.=A-0003.Parameter.ParWithSpeedMonitor","DB150.X32.4",Boolean,1,R/W,100,,,,,,,,,,"",
"Unit.LBEA.=A-0003.States.StaFault","DB150.X12.5",Boolean,1,R/W,100,,,,,,,,,,"",
"Unit.LBEA.=A-0003.States.StaIdeling","DB150.X10.2",Boolean,1,R/W,100,,,,,,,,,,"",
"Unit.LBEA.=A-0003.States.StaStarted","DB150.X10.1",Boolean,1,R/W,100,,,,,,,,,,"",
"Unit.LBEA.=A-0003.States.StaStarting","DB150.X10.0",Boolean,1,R/W,100,,,,,,,,,,"",
"Unit.LBEA.=A-0003.States.StaStopped","DB150.X10.4",Boolean,1,R/W,100,,,,,,,,,,"",
"Unit.LBEA.=A-0003.States.StaStopping","DB150.X10.3",Boolean,1,R/W,100,,,,,,,,,,"",
"Unit.MVRW.=A-0005.Commands.CmdEnable","DB100.X142.0",Boolean,1,R/W,100,,,,,,,,,,"",
"Unit.MVRW.=A-0005.Commands.CmdEnableIdeling","DB100.X142.1",Boolean,1,R/W,100,,,,,,,,,,"",
"Unit.MVRW.=A-0005.Commands.CmdFaultReset","DB100.X142.3",Boolean,1,R/W,100,,,,,,,,,,"",
"Unit.MVRW.=A-0005.Commands.CmdInterlock","DB100.X142.2",Boolean,1,R/W,100,,,,,,,,,,"",
"Unit.MVRW.=A-0005.Commands.CmdUsebyUnitIdent","DB100.W146",Word,1,R/W,100,,,,,,,,,,"",
"Unit.MVRW.=A-0005.Commands.CmdUseByUnitType","DB100.W144",Word,1,R/W,100,,,,,,,,,,"",
"Unit.MVRW.=A-0005.Elements.ElmIdentFan1","DB100.W190",Word,1,R/W,100,,,,,,,,,,"",
"Unit.MVRW.=A-0005.Elements.ElmIdentFilterControl1","DB100.W194",Word,1,R/W,100,,,,,,,,,,"",
"Unit.MVRW.=A-0005.Elements.ElmTypeFan1","DB100.W188",Word,1,R/W,100,,,,,,,,,,"",
"Unit.MVRW.=A-0005.Elements.ElmTypeFilterControl1","DB100.W192",Word,1,R/W,100,,,,,,,,,,"",
"Unit.MVRW.=A-0005.Information.InfListIdent","DB100.W140",Word,1,R/W,100,,,,,,,,,,"",
"Unit.MVRW.=A-0005.Information.InfType","DB100.W138",Word,1,R/W,100,,,,,,,,,,"",
"Unit.MVRW.=A-0005.Parameter.ParIdelingTime","DB100.D150",DWord,1,R/W,100,,,,,,,,,,"",
"Unit.MVRW.=A-0005.Parameter.ParRelatedToUnitIdent1","DB100.W174",Word,1,R/W,100,,,,,,,,,,"",
"Unit.MVRW.=A-0005.Parameter.ParRelatedToUnitIdent2","DB100.W178",Word,1,R/W,100,,,,,,,,,,"",
"Unit.MVRW.=A-0005.Parameter.ParRelatedToUnitIdent3","DB100.W182",Word,1,R/W,100,,,,,,,,,,"",
"Unit.MVRW.=A-0005.Parameter.ParRelatedToUnitIdent4","DB100.W186",Word,1,R/W,100,,,,,,,,,,"",
"Unit.MVRW.=A-0005.Parameter.ParRelatedToUnitType1","DB100.W172",Word,1,R/W,100,,,,,,,,,,"",
"Unit.MVRW.=A-0005.Parameter.ParRelatedToUnitType2","DB100.W176",Word,1,R/W,100,,,,,,,,,,"",
"Unit.MVRW.=A-0005.Parameter.ParRelatedToUnitType3","DB100.W180",Word,1,R/W,100,,,,,,,,,,"",
"Unit.MVRW.=A-0005.Parameter.ParRelatedToUnitType4","DB100.W184",Word,1,R/W,100,,,,,,,,,,"",
"Unit.MVRW.=A-0005.Parameter.ParStartDelay","DB100.D162",DWord,1,R/W,100,,,,,,,,,,"",
"Unit.MVRW.=A-0005.Parameter.ParStartingTime","DB100.D154",DWord,1,R/W,100,,,,,,,,,,"",
"Unit.MVRW.=A-0005.Parameter.ParStopDelay","DB100.D166",DWord,1,R/W,100,,,,,,,,,,"",
"Unit.MVRW.=A-0005.Parameter.ParStoppingTime","DB100.D158",DWord,1,R/W,100,,,,,,,,,,"",
"Unit.MVRW.=A-0005.Parameter.ParWithFilterControl","DB100.X170.0",Boolean,1,R/W,100,,,,,,,,,,"",
"Unit.MVRW.=A-0005.States.StaFault","DB100.X148.5",Boolean,1,R/W,100,,,,,,,,,,"",
"Unit.MVRW.=A-0005.States.StaIdeling","DB100.X148.2",Boolean,1,R/W,100,,,,,,,,,,"",
"Unit.MVRW.=A-0005.States.StaStarted","DB100.X148.1",Boolean,1,R/W,100,,,,,,,,,,"",
"Unit.MVRW.=A-0005.States.StaStarting","DB100.X148.0",Boolean,1,R/W,100,,,,,,,,,,"",
"Unit.MVRW.=A-0005.States.StaStopped","DB100.X148.4",Boolean,1,R/W,100,,,,,,,,,,"",
"Unit.MVRW.=A-0005.States.StaStopping","DB100.X148.3",Boolean,1,R/W,100,,,,,,,,,,"",
"Unit.MVRW.=A-0014.Commands.CmdEnable","DB100.X4.0",Boolean,1,R/W,100,,,,,,,,,,"",
"Unit.MVRW.=A-0014.Commands.CmdEnableIdeling","DB100.X4.1",Boolean,1,R/W,100,,,,,,,,,,"",
"Unit.MVRW.=A-0014.Commands.CmdFaultReset","DB100.X4.3",Boolean,1,R/W,100,,,,,,,,,,"",
"Unit.MVRW.=A-0014.Commands.CmdInterlock","DB100.X4.2",Boolean,1,R/W,100,,,,,,,,,,"",
"Unit.MVRW.=A-0014.Commands.CmdUsebyUnitIdent","DB100.W8",Word,1,R/W,100,,,,,,,,,,"",
"Unit.MVRW.=A-0014.Commands.CmdUseByUnitType","DB100.W6",Word,1,R/W,100,,,,,,,,,,"",
"Unit.MVRW.=A-0014.Elements.ElmIdentFan1","DB100.W52",Word,1,R/W,100,,,,,,,,,,"",
"Unit.MVRW.=A-0014.Elements.ElmIdentFilterControl1","DB100.W56",Word,1,R/W,100,,,,,,,,,,"",
"Unit.MVRW.=A-0014.Elements.ElmTypeFan1","DB100.W50",Word,1,R/W,100,,,,,,,,,,"",
"Unit.MVRW.=A-0014.Elements.ElmTypeFilterControl1","DB100.W54",Word,1,R/W,100,,,,,,,,,,"",
"Unit.MVRW.=A-0014.Information.InfListIdent","DB100.W2",Word,1,R/W,100,,,,,,,,,,"",
"Unit.MVRW.=A-0014.Information.InfType","DB100.W0",Word,1,R/W,100,,,,,,,,,,"",
"Unit.MVRW.=A-0014.Parameter.ParIdelingTime","DB100.D12",DWord,1,R/W,100,,,,,,,,,,"",
"Unit.MVRW.=A-0014.Parameter.ParRelatedToUnitIdent1","DB100.W36",Word,1,R/W,100,,,,,,,,,,"",
"Unit.MVRW.=A-0014.Parameter.ParRelatedToUnitIdent2","DB100.W40",Word,1,R/W,100,,,,,,,,,,"",
"Unit.MVRW.=A-0014.Parameter.ParRelatedToUnitIdent3","DB100.W44",Word,1,R/W,100,,,,,,,,,,"",
"Unit.MVRW.=A-0014.Parameter.ParRelatedToUnitIdent4","DB100.W48",Word,1,R/W,100,,,,,,,,,,"",
"Unit.MVRW.=A-0014.Parameter.ParRelatedToUnitType1","DB100.W34",Word,1,R/W,100,,,,,,,,,,"",
"Unit.MVRW.=A-0014.Parameter.ParRelatedToUnitType2","DB100.W38",Word,1,R/W,100,,,,,,,,,,"",
"Unit.MVRW.=A-0014.Parameter.ParRelatedToUnitType3","DB100.W42",Word,1,R/W,100,,,,,,,,,,"",
"Unit.MVRW.=A-0014.Parameter.ParRelatedToUnitType4","DB100.W46",Word,1,R/W,100,,,,,,,,,,"",
"Unit.MVRW.=A-0014.Parameter.ParStartDelay","DB100.D24",DWord,1,R/W,100,,,,,,,,,,"",
"Unit.MVRW.=A-0014.Parameter.ParStartingTime","DB100.D16",DWord,1,R/W,100,,,,,,,,,,"",
"Unit.MVRW.=A-0014.Parameter.ParStopDelay","DB100.D28",DWord,1,R/W,100,,,,,,,,,,"",
"Unit.MVRW.=A-0014.Parameter.ParStoppingTime","DB100.D20",DWord,1,R/W,100,,,,,,,,,,"",
"Unit.MVRW.=A-0014.Parameter.ParWithFilterControl","DB100.X32.0",Boolean,1,R/W,100,,,,,,,,,,"",
"Unit.MVRW.=A-0014.States.StaFault","DB100.X10.5",Boolean,1,R/W,100,,,,,,,,,,"",
"Unit.MVRW.=A-0014.States.StaIdeling","DB100.X10.2",Boolean,1,R/W,100,,,,,,,,,,"",
"Unit.MVRW.=A-0014.States.StaStarted","DB100.X10.1",Boolean,1,R/W,100,,,,,,,,,,"",
"Unit.MVRW.=A-0014.States.StaStarting","DB100.X10.0",Boolean,1,R/W,100,,,,,,,,,,"",
"Unit.MVRW.=A-0014.States.StaStopped","DB100.X10.4",Boolean,1,R/W,100,,,,,,,,,,"",
"Unit.MVRW.=A-0014.States.StaStopping","DB100.X10.3",Boolean,1,R/W,100,,,,,,,,,,"",
"Section.INT1S01.Commands.CmdEnable","DB100.X4.0",Boolean,1,R/W,100,,,,,,,,,,"",
"Section.INT1S01.Commands.CmdEnableIdeling","DB100.X4.1",Boolean,1,R/W,100,,,,,,,,,,"",
"Section.INT1S01.Commands.CmdFaultReset","DB100.X4.3",Boolean,1,R/W,100,,,,,,,,,,"",
"Section.INT1S01.Commands.CmdInterlock","DB100.X4.2",Boolean,1,R/W,100,,,,,,,,,,"",
"Section.INT1S01.Commands.CmdUsebyUnitIdent","DB100.W8",String,1,R/W,100,,,,,,,,,,"",
"Section.INT1S01.Commands.CmdUseByUnitType","DB100.W6",String,1,R/W,100,,,,,,,,,,"",
"Section.INT1S01.Information.InfListIdent","DB100.W2",String,1,R/W,100,,,,,,,,,,"",
"Section.INT1S01.Information.InfType","DB100.W0",String,1,R/W,100,,,,,,,,,,"",
"Section.INT1S01.Parameter.ParIdelingTime","DB100.D12",DWord,1,R/W,100,,,,,,,,,,"",
"Section.INT1S01.Parameter.SndBinNo","DB100.D12",UInt16,1,R/W,100,,,,,,,,,,"",
"Section.INT1S01.Parameter.WeightTotal","DB100.D12",Double,1,R/W,100,,,,,,,,,,"",
"Section.INT1S01.Parameter.RcvBinNo","DB100.D12",UInt16,1,R/W,100,,,,,,,,,,"",
"Section.INT1S01.Parameter.ParStartDelay","DB100.D24",DWord,1,R/W,100,,,,,,,,,,"",
"Section.INT1S01.Parameter.ParStartingTime","DB100.D16",DWord,1,R/W,100,,,,,,,,,,"",
"Section.INT1S01.Parameter.ParStopDelay","DB100.D28",DWord,1,R/W,100,,,,,,,,,,"",
"Section.INT1S01.Parameter.ParStoppingTime","DB100.D20",DWord,1,R/W,100,,,,,,,,,,"",
"Section.INT1S01.Parameter.ParWithFilterControl","DB100.X32.0",Boolean,1,R/W,100,,,,,,,,,,"",
"Section.INT1S01.States.StaFault","DB100.X10.5",Boolean,1,R/W,100,,,,,,,,,,"",
"Section.INT1S01.States.StaIdeling","DB100.X10.2",Boolean,1,R/W,100,,,,,,,,,,"",
"Section.INT1S01.States.StaStarted","DB100.X10.1",Boolean,1,R/W,100,,,,,,,,,,"",
"Section.INT1S01.States.StaStarting","DB100.X10.0",Boolean,1,R/W,100,,,,,,,,,,"",
"Section.INT1S01.States.StaStopped","DB100.X10.4",Boolean,1,R/W,100,,,,,,,,,,"",
"Section.INT1S01.States.StaStopping","DB100.X10.3",Boolean,1,R/W,100,,,,,,,,,,"",
"Section.INT2S01.Commands.CmdEnable","DB100.X4.0",Boolean,1,R/W,100,,,,,,,,,,"",
"Section.INT2S01.Commands.CmdEnableIdeling","DB100.X4.1",Boolean,1,R/W,100,,,,,,,,,,"",
"Section.INT2S01.Commands.CmdFaultReset","DB100.X4.3",Boolean,1,R/W,100,,,,,,,,,,"",
"Section.INT2S01.Commands.CmdInterlock","DB100.X4.2",Boolean,1,R/W,100,,,,,,,,,,"",
"Section.INT2S01.Commands.CmdUsebyUnitIdent","DB100.W8",String,1,R/W,100,,,,,,,,,,"",
"Section.INT2S01.Commands.CmdUseByUnitType","DB100.W6",String,1,R/W,100,,,,,,,,,,"",
"Section.INT2S01.Information.InfListIdent","DB100.W2",String,1,R/W,100,,,,,,,,,,"",
"Section.INT2S01.Information.InfType","DB100.W0",String,1,R/W,100,,,,,,,,,,"",
"Section.INT2S01.Parameter.ParIdelingTime","DB100.D12",DWord,1,R/W,100,,,,,,,,,,"",
"Section.INT2S01.Parameter.SndBinNo","DB100.D12",UInt16,1,R/W,100,,,,,,,,,,"",
"Section.INT2S01.Parameter.WeightTotal","DB100.D12",Double,1,R/W,100,,,,,,,,,,"",
"Section.INT2S01.Parameter.RcvBinNo","DB100.D12",UInt16,1,R/W,100,,,,,,,,,,"",
"Section.INT2S01.Parameter.ParStartDelay","DB100.D24",DWord,1,R/W,100,,,,,,,,,,"",
"Section.INT2S01.Parameter.ParStartingTime","DB100.D16",DWord,1,R/W,100,,,,,,,,,,"",
"Section.INT2S01.Parameter.ParStopDelay","DB100.D28",DWord,1,R/W,100,,,,,,,,,,"",
"Section.INT2S01.Parameter.ParStoppingTime","DB100.D20",DWord,1,R/W,100,,,,,,,,,,"",
"Section.INT2S01.Parameter.ParWithFilterControl","DB100.X32.0",Boolean,1,R/W,100,,,,,,,,,,"",
"Section.INT2S01.States.StaFault","DB100.X10.5",Boolean,1,R/W,100,,,,,,,,,,"",
"Section.INT2S01.States.StaIdeling","DB100.X10.2",Boolean,1,R/W,100,,,,,,,,,,"",
"Section.INT2S01.States.StaStarted","DB100.X10.1",Boolean,1,R/W,100,,,,,,,,,,"",
"Section.INT2S01.States.StaStarting","DB100.X10.0",Boolean,1,R/W,100,,,,,,,,,,"",
"Section.INT2S01.States.StaStopped","DB100.X10.4",Boolean,1,R/W,100,,,,,,,,,,"",
"Section.INT2S01.States.StaStopping","DB100.X10.3",Boolean,1,R/W,100,,,,,,,,,,"",
"Section.MIX1S01.Commands.CmdEnable","DB100.X4.0",Boolean,1,R/W,100,,,,,,,,,,"",
"Section.MIX1S01.Commands.CmdEnableIdeling","DB100.X4.1",Boolean,1,R/W,100,,,,,,,,,,"",
"Section.MIX1S01.Commands.CmdFaultReset","DB100.X4.3",Boolean,1,R/W,100,,,,,,,,,,"",
"Section.MIX1S01.Commands.CmdInterlock","DB100.X4.2",Boolean,1,R/W,100,,,,,,,,,,"",
"Section.MIX1S01.Commands.CmdUsebyUnitIdent","DB100.W8",String,1,R/W,100,,,,,,,,,,"",
"Section.MIX1S01.Commands.CmdUseByUnitType","DB100.W6",String,1,R/W,100,,,,,,,,,,"",
"Section.MIX1S01.Information.InfListIdent","DB100.W2",String,1,R/W,100,,,,,,,,,,"",
"Section.MIX1S01.Information.InfType","DB100.W0",String,1,R/W,100,,,,,,,,,,"",
"Section.MIX1S01.Parameter.ParIdelingTime","DB100.D12",DWord,1,R/W,100,,,,,,,,,,"",
"Section.MIX1S01.Parameter.SndBinNo","DB100.D12",UInt16,1,R/W,100,,,,,,,,,,"",
"Section.MIX1S01.Parameter.WeightTotal","DB100.D12",Double,1,R/W,100,,,,,,,,,,"",
"Section.MIX1S01.Parameter.RcvBinNo","DB100.D12",UInt16,1,R/W,100,,,,,,,,,,"",
"Section.MIX1S01.Parameter.ParStartDelay","DB100.D24",DWord,1,R/W,100,,,,,,,,,,"",
"Section.MIX1S01.Parameter.ParStartingTime","DB100.D16",DWord,1,R/W,100,,,,,,,,,,"",
"Section.MIX1S01.Parameter.ParStopDelay","DB100.D28",DWord,1,R/W,100,,,,,,,,,,"",
"Section.MIX1S01.Parameter.ParStoppingTime","DB100.D20",DWord,1,R/W,100,,,,,,,,,,"",
"Section.MIX1S01.Parameter.ParWithFilterControl","DB100.X32.0",Boolean,1,R/W,100,,,,,,,,,,"",
"Section.MIX1S01.States.StaFault","DB100.X10.5",Boolean,1,R/W,100,,,,,,,,,,"",
"Section.MIX1S01.States.StaIdeling","DB100.X10.2",Boolean,1,R/W,100,,,,,,,,,,"",
"Section.MIX1S01.States.StaStarted","DB100.X10.1",Boolean,1,R/W,100,,,,,,,,,,"",
"Section.MIX1S01.States.StaStarting","DB100.X10.0",Boolean,1,R/W,100,,,,,,,,,,"",
"Section.MIX1S01.States.StaStopped","DB100.X10.4",Boolean,1,R/W,100,,,,,,,,,,"",
"Section.MIX1S01.States.StaStopping","DB100.X10.3",Boolean,1,R/W,100,,,,,,,,,,"",
"Section.MIX2S01.Commands.CmdEnable","DB100.X4.0",Boolean,1,R/W,100,,,,,,,,,,"",
"Section.MIX2S01.Commands.CmdEnableIdeling","DB100.X4.1",Boolean,1,R/W,100,,,,,,,,,,"",
"Section.MIX2S01.Commands.CmdFaultReset","DB100.X4.3",Boolean,1,R/W,100,,,,,,,,,,"",
"Section.MIX2S01.Commands.CmdInterlock","DB100.X4.2",Boolean,1,R/W,100,,,,,,,,,,"",
"Section.MIX2S01.Commands.CmdUsebyUnitIdent","DB100.W8",String,1,R/W,100,,,,,,,,,,"",
"Section.MIX2S01.Commands.CmdUseByUnitType","DB100.W6",String,1,R/W,100,,,,,,,,,,"",
"Section.MIX2S01.Information.InfListIdent","DB100.W2",String,1,R/W,100,,,,,,,,,,"",
"Section.MIX2S01.Information.InfType","DB100.W0",String,1,R/W,100,,,,,,,,,,"",
"Section.MIX2S01.Parameter.ParIdelingTime","DB100.D12",DWord,1,R/W,100,,,,,,,,,,"",
"Section.MIX2S01.Parameter.SndBinNo","DB100.D12",UInt16,1,R/W,100,,,,,,,,,,"",
"Section.MIX2S01.Parameter.WeightTotal","DB100.D12",Double,1,R/W,100,,,,,,,,,,"",
"Section.MIX2S01.Parameter.RcvBinNo","DB100.D12",UInt16,1,R/W,100,,,,,,,,,,"",
"Section.MIX2S01.Parameter.ParStartDelay","DB100.D24",DWord,1,R/W,100,,,,,,,,,,"",
"Section.MIX2S01.Parameter.ParStartingTime","DB100.D16",DWord,1,R/W,100,,,,,,,,,,"",
"Section.MIX2S01.Parameter.ParStopDelay","DB100.D28",DWord,1,R/W,100,,,,,,,,,,"",
"Section.MIX2S01.Parameter.ParStoppingTime","DB100.D20",DWord,1,R/W,100,,,,,,,,,,"",
"Section.MIX2S01.Parameter.ParWithFilterControl","DB100.X32.0",Boolean,1,R/W,100,,,,,,,,,,"",
"Section.MIX2S01.States.StaFault","DB100.X10.5",Boolean,1,R/W,100,,,,,,,,,,"",
"Section.MIX2S01.States.StaIdeling","DB100.X10.2",Boolean,1,R/W,100,,,,,,,,,,"",
"Section.MIX2S01.States.StaStarted","DB100.X10.1",Boolean,1,R/W,100,,,,,,,,,,"",
"Section.MIX2S01.States.StaStarting","DB100.X10.0",Boolean,1,R/W,100,,,,,,,,,,"",
"Section.MIX2S01.States.StaStopped","DB100.X10.4",Boolean,1,R/W,100,,,,,,,,,,"",
"Section.MIX2S01.States.StaStopping","DB100.X10.3",Boolean,1,R/W,100,,,,,,,,,,"",
"Section.MIX3S01.Commands.CmdEnable","DB100.X4.0",Boolean,1,R/W,100,,,,,,,,,,"",
"Section.MIX3S01.Commands.CmdEnableIdeling","DB100.X4.1",Boolean,1,R/W,100,,,,,,,,,,"",
"Section.MIX3S01.Commands.CmdFaultReset","DB100.X4.3",Boolean,1,R/W,100,,,,,,,,,,"",
"Section.MIX3S01.Commands.CmdInterlock","DB100.X4.2",Boolean,1,R/W,100,,,,,,,,,,"",
"Section.MIX3S01.Commands.CmdUsebyUnitIdent","DB100.W8",String,1,R/W,100,,,,,,,,,,"",
"Section.MIX3S01.Commands.CmdUseByUnitType","DB100.W6",String,1,R/W,100,,,,,,,,,,"",
"Section.MIX3S01.Information.InfListIdent","DB100.W2",String,1,R/W,100,,,,,,,,,,"",
"Section.MIX3S01.Information.InfType","DB100.W0",String,1,R/W,100,,,,,,,,,,"",
"Section.MIX3S01.Parameter.ParIdelingTime","DB100.D12",DWord,1,R/W,100,,,,,,,,,,"",
"Section.MIX3S01.Parameter.SndBinNo","DB100.D12",UInt16,1,R/W,100,,,,,,,,,,"",
"Section.MIX3S01.Parameter.WeightTotal","DB100.D12",Double,1,R/W,100,,,,,,,,,,"",
"Section.MIX3S01.Parameter.RcvBinNo","DB100.D12",UInt16,1,R/W,100,,,,,,,,,,"",
"Section.MIX3S01.Parameter.ParStartDelay","DB100.D24",DWord,1,R/W,100,,,,,,,,,,"",
"Section.MIX3S01.Parameter.ParStartingTime","DB100.D16",DWord,1,R/W,100,,,,,,,,,,"",
"Section.MIX3S01.Parameter.ParStopDelay","DB100.D28",DWord,1,R/W,100,,,,,,,,,,"",
"Section.MIX3S01.Parameter.ParStoppingTime","DB100.D20",DWord,1,R/W,100,,,,,,,,,,"",
"Section.MIX3S01.Parameter.ParWithFilterControl","DB100.X32.0",Boolean,1,R/W,100,,,,,,,,,,"",
"Section.MIX3S01.States.StaFault","DB100.X10.5",Boolean,1,R/W,100,,,,,,,,,,"",
"Section.MIX3S01.States.StaIdeling","DB100.X10.2",Boolean,1,R/W,100,,,,,,,,,,"",
"Section.MIX3S01.States.StaStarted","DB100.X10.1",Boolean,1,R/W,100,,,,,,,,,,"",
"Section.MIX3S01.States.StaStarting","DB100.X10.0",Boolean,1,R/W,100,,,,,,,,,,"",
"Section.MIX3S01.States.StaStopped","DB100.X10.4",Boolean,1,R/W,100,,,,,,,,,,"",
"Section.MIX3S01.States.StaStopping","DB100.X10.3",Boolean,1,R/W,100,,,,,,,,,,"",
"Section.MIX4S01.Commands.CmdEnable","DB100.X4.0",Boolean,1,R/W,100,,,,,,,,,,"",
"Section.MIX4S01.Commands.CmdEnableIdeling","DB100.X4.1",Boolean,1,R/W,100,,,,,,,,,,"",
"Section.MIX4S01.Commands.CmdFaultReset","DB100.X4.3",Boolean,1,R/W,100,,,,,,,,,,"",
"Section.MIX4S01.Commands.CmdInterlock","DB100.X4.2",Boolean,1,R/W,100,,,,,,,,,,"",
"Section.MIX4S01.Commands.CmdUsebyUnitIdent","DB100.W8",String,1,R/W,100,,,,,,,,,,"",
"Section.MIX4S01.Commands.CmdUseByUnitType","DB100.W6",String,1,R/W,100,,,,,,,,,,"",
"Section.MIX4S01.Information.InfListIdent","DB100.W2",String,1,R/W,100,,,,,,,,,,"",
"Section.MIX4S01.Information.InfType","DB100.W0",String,1,R/W,100,,,,,,,,,,"",
"Section.MIX4S01.Parameter.ParIdelingTime","DB100.D12",DWord,1,R/W,100,,,,,,,,,,"",
"Section.MIX4S01.Parameter.SndBinNo","DB100.D12",UInt16,1,R/W,100,,,,,,,,,,"",
"Section.MIX4S01.Parameter.WeightTotal","DB100.D12",Double,1,R/W,100,,,,,,,,,,"",
"Section.MIX4S01.Parameter.RcvBinNo","DB100.D12",UInt16,1,R/W,100,,,,,,,,,,"",
"Section.MIX4S01.Parameter.ParStartDelay","DB100.D24",DWord,1,R/W,100,,,,,,,,,,"",
"Section.MIX4S01.Parameter.ParStartingTime","DB100.D16",DWord,1,R/W,100,,,,,,,,,,"",
"Section.MIX4S01.Parameter.ParStopDelay","DB100.D28",DWord,1,R/W,100,,,,,,,,,,"",
"Section.MIX4S01.Parameter.ParStoppingTime","DB100.D20",DWord,1,R/W,100,,,,,,,,,,"",
"Section.MIX4S01.Parameter.ParWithFilterControl","DB100.X32.0",Boolean,1,R/W,100,,,,,,,,,,"",
"Section.MIX4S01.States.StaFault","DB100.X10.5",Boolean,1,R/W,100,,,,,,,,,,"",
"Section.MIX4S01.States.StaIdeling","DB100.X10.2",Boolean,1,R/W,100,,,,,,,,,,"",
"Section.MIX4S01.States.StaStarted","DB100.X10.1",Boolean,1,R/W,100,,,,,,,,,,"",
"Section.MIX4S01.States.StaStarting","DB100.X10.0",Boolean,1,R/W,100,,,,,,,,,,"",
"Section.MIX4S01.States.StaStopped","DB100.X10.4",Boolean,1,R/W,100,,,,,,,,,,"",
"Section.MIX4S01.States.StaStopping","DB100.X10.3",Boolean,1,R/W,100,,,,,,,,,,"",
"Section.MIX5S01.Commands.CmdEnable","DB100.X4.0",Boolean,1,R/W,100,,,,,,,,,,"",
"Section.MIX5S01.Commands.CmdEnableIdeling","DB100.X4.1",Boolean,1,R/W,100,,,,,,,,,,"",
"Section.MIX5S01.Commands.CmdFaultReset","DB100.X4.3",Boolean,1,R/W,100,,,,,,,,,,"",
"Section.MIX5S01.Commands.CmdInterlock","DB100.X4.2",Boolean,1,R/W,100,,,,,,,,,,"",
"Section.MIX5S01.Commands.CmdUsebyUnitIdent","DB100.W8",String,1,R/W,100,,,,,,,,,,"",
"Section.MIX5S01.Commands.CmdUseByUnitType","DB100.W6",String,1,R/W,100,,,,,,,,,,"",
"Section.MIX5S01.Information.InfListIdent","DB100.W2",String,1,R/W,100,,,,,,,,,,"",
"Section.MIX5S01.Information.InfType","DB100.W0",String,1,R/W,100,,,,,,,,,,"",
"Section.MIX5S01.Parameter.ParIdelingTime","DB100.D12",DWord,1,R/W,100,,,,,,,,,,"",
"Section.MIX5S01.Parameter.SndBinNo","DB100.D12",UInt16,1,R/W,100,,,,,,,,,,"",
"Section.MIX5S01.Parameter.WeightTotal","DB100.D12",Double,1,R/W,100,,,,,,,,,,"",
"Section.MIX5S01.Parameter.RcvBinNo","DB100.D12",UInt16,1,R/W,100,,,,,,,,,,"",
"Section.MIX5S01.Parameter.ParStartDelay","DB100.D24",DWord,1,R/W,100,,,,,,,,,,"",
"Section.MIX5S01.Parameter.ParStartingTime","DB100.D16",DWord,1,R/W,100,,,,,,,,,,"",
"Section.MIX5S01.Parameter.ParStopDelay","DB100.D28",DWord,1,R/W,100,,,,,,,,,,"",
"Section.MIX5S01.Parameter.ParStoppingTime","DB100.D20",DWord,1,R/W,100,,,,,,,,,,"",
"Section.MIX5S01.Parameter.ParWithFilterControl","DB100.X32.0",Boolean,1,R/W,100,,,,,,,,,,"",
"Section.MIX5S01.States.StaFault","DB100.X10.5",Boolean,1,R/W,100,,,,,,,,,,"",
"Section.MIX5S01.States.StaIdeling","DB100.X10.2",Boolean,1,R/W,100,,,,,,,,,,"",
"Section.MIX5S01.States.StaStarted","DB100.X10.1",Boolean,1,R/W,100,,,,,,,,,,"",
"Section.MIX5S01.States.StaStarting","DB100.X10.0",Boolean,1,R/W,100,,,,,,,,,,"",
"Section.MIX5S01.States.StaStopped","DB100.X10.4",Boolean,1,R/W,100,,,,,,,,,,"",
"Section.MIX5S01.States.StaStopping","DB100.X10.3",Boolean,1,R/W,100,,,,,,,,,,"",
"Line.TRANS.INT1.Commands.CmdEnable","DB100.X4.0",Boolean,1,R/W,100,,,,,,,,,,"",
"Line.TRANS.INT1.Commands.CmdEnableIdeling","DB100.X4.1",Boolean,1,R/W,100,,,,,,,,,,"",
"Line.TRANS.INT1.Commands.CmdFaultReset","DB100.X4.3",Boolean,1,R/W,100,,,,,,,,,,"",
"Line.TRANS.INT1.Commands.CmdInterlock","DB100.X4.2",Boolean,1,R/W,100,,,,,,,,,,"",
"Line.TRANS.INT1.Commands.CmdUsebyUnitIdent","DB100.W8",String,1,R/W,100,,,,,,,,,,"",
"Line.TRANS.INT1.Commands.CmdUseByUnitType","DB100.W6",String,1,R/W,100,,,,,,,,,,"",
"Line.TRANS.INT1.Sections.INT1S01","DB100.W52",String,1,R/W,100,,,,,,,,,,"",
"Line.TRANS.INT1.Information.InfListIdent","DB100.W2",String,1,R/W,100,,,,,,,,,,"",
"Line.TRANS.INT1.Information.InfType","DB100.W0",String,1,R/W,100,,,,,,,,,,"",
"Line.TRANS.INT1.Parameter.ParIdelingTime","DB100.D12",DWord,1,R/W,100,,,,,,,,,,"",
"Line.TRANS.INT1.Parameter.ParStartDelay","DB100.D24",DWord,1,R/W,100,,,,,,,,,,"",
"Line.TRANS.INT1.Parameter.ParStartingTime","DB100.D16",DWord,1,R/W,100,,,,,,,,,,"",
"Line.TRANS.INT1.Parameter.ParStopDelay","DB100.D28",DWord,1,R/W,100,,,,,,,,,,"",
"Line.TRANS.INT1.Parameter.ParStoppingTime","DB100.D20",DWord,1,R/W,100,,,,,,,,,,"",
"Line.TRANS.INT1.Parameter.ParWithFilterControl","DB100.X32.0",Boolean,1,R/W,100,,,,,,,,,,"",
"Line.TRANS.INT1.States.StaFault","DB100.X10.5",Boolean,1,R/W,100,,,,,,,,,,"",
"Line.TRANS.INT1.States.StaIdeling","DB100.X10.2",Boolean,1,R/W,100,,,,,,,,,,"",
"Line.TRANS.INT1.States.StaStarted","DB100.X10.1",Boolean,1,R/W,100,,,,,,,,,,"",
"Line.TRANS.INT1.States.StaStarting","DB100.X10.0",Boolean,1,R/W,100,,,,,,,,,,"",
"Line.TRANS.INT1.States.StaStopped","DB100.X10.4",Boolean,1,R/W,100,,,,,,,,,,"",
"Line.TRANS.INT1.States.StaStopping","DB100.X10.3",Boolean,1,R/W,100,,,,,,,,,,"",
"Line.TRANS.INT2.Commands.CmdEnable","DB100.X4.0",Boolean,1,R/W,100,,,,,,,,,,"",
"Line.TRANS.INT2.Commands.CmdEnableIdeling","DB100.X4.1",Boolean,1,R/W,100,,,,,,,,,,"",
"Line.TRANS.INT2.Commands.CmdFaultReset","DB100.X4.3",Boolean,1,R/W,100,,,,,,,,,,"",
"Line.TRANS.INT2.Commands.CmdInterlock","DB100.X4.2",Boolean,1,R/W,100,,,,,,,,,,"",
"Line.TRANS.INT2.Commands.CmdUsebyUnitIdent","DB100.W8",String,1,R/W,100,,,,,,,,,,"",
"Line.TRANS.INT2.Commands.CmdUseByUnitType","DB100.W6",String,1,R/W,100,,,,,,,,,,"",
"Line.TRANS.INT2.Sections.INT2S01","DB100.W52",String,1,R/W,100,,,,,,,,,,"",
"Line.TRANS.INT2.Information.InfListIdent","DB100.W2",String,1,R/W,100,,,,,,,,,,"",
"Line.TRANS.INT2.Information.InfType","DB100.W0",String,1,R/W,100,,,,,,,,,,"",
"Line.TRANS.INT2.Parameter.ParIdelingTime","DB100.D12",DWord,1,R/W,100,,,,,,,,,,"",
"Line.TRANS.INT2.Parameter.ParStartDelay","DB100.D24",DWord,1,R/W,100,,,,,,,,,,"",
"Line.TRANS.INT2.Parameter.ParStartingTime","DB100.D16",DWord,1,R/W,100,,,,,,,,,,"",
"Line.TRANS.INT2.Parameter.ParStopDelay","DB100.D28",DWord,1,R/W,100,,,,,,,,,,"",
"Line.TRANS.INT2.Parameter.ParStoppingTime","DB100.D20",DWord,1,R/W,100,,,,,,,,,,"",
"Line.TRANS.INT2.Parameter.ParWithFilterControl","DB100.X32.0",Boolean,1,R/W,100,,,,,,,,,,"",
"Line.TRANS.INT2.States.StaFault","DB100.X10.5",Boolean,1,R/W,100,,,,,,,,,,"",
"Line.TRANS.INT2.States.StaIdeling","DB100.X10.2",Boolean,1,R/W,100,,,,,,,,,,"",
"Line.TRANS.INT2.States.StaStarted","DB100.X10.1",Boolean,1,R/W,100,,,,,,,,,,"",
"Line.TRANS.INT2.States.StaStarting","DB100.X10.0",Boolean,1,R/W,100,,,,,,,,,,"",
"Line.TRANS.INT2.States.StaStopped","DB100.X10.4",Boolean,1,R/W,100,,,,,,,,,,"",
"Line.TRANS.INT2.States.StaStopping","DB100.X10.3",Boolean,1,R/W,100,,,,,,,,,,"",
"Line.PRO.MIX1.Commands.CmdEnable","DB100.X4.0",Boolean,1,R/W,100,,,,,,,,,,"",
"Line.PRO.MIX1.Commands.CmdEnableIdeling","DB100.X4.1",Boolean,1,R/W,100,,,,,,,,,,"",
"Line.PRO.MIX1.Commands.CmdFaultReset","DB100.X4.3",Boolean,1,R/W,100,,,,,,,,,,"",
"Line.PRO.MIX1.Commands.CmdInterlock","DB100.X4.2",Boolean,1,R/W,100,,,,,,,,,,"",
"Line.PRO.MIX1.Commands.CmdUsebyUnitIdent","DB100.W8",String,1,R/W,100,,,,,,,,,,"",
"Line.PRO.MIX1.Commands.CmdUseByUnitType","DB100.W6",String,1,R/W,100,,,,,,,,,,"",
"Line.PRO.MIX1.Sections.MIX1S01","DB100.W52",String,1,R/W,100,,,,,,,,,,"",
"Line.PRO.MIX1.Sections.MIX2S01","DB100.W52",String,1,R/W,100,,,,,,,,,,"",
"Line.PRO.MIX1.Sections.MIX3S01","DB100.W52",String,1,R/W,100,,,,,,,,,,"",
"Line.PRO.MIX1.Sections.MIX4S01","DB100.W52",String,1,R/W,100,,,,,,,,,,"",
"Line.PRO.MIX1.Sections.MIX5S01","DB100.W52",String,1,R/W,100,,,,,,,,,,"",
"Line.PRO.MIX1.Information.InfListIdent","DB100.W2",String,1,R/W,100,,,,,,,,,,"",
"Line.PRO.MIX1.Information.InfType","DB100.W0",String,1,R/W,100,,,,,,,,,,"",
"Line.PRO.MIX1.Parameter.ParIdelingTime","DB100.D12",DWord,1,R/W,100,,,,,,,,,,"",
"Line.PRO.MIX1.Parameter.ParStartDelay","DB100.D24",DWord,1,R/W,100,,,,,,,,,,"",
"Line.PRO.MIX1.Parameter.ParStartingTime","DB100.D16",DWord,1,R/W,100,,,,,,,,,,"",
"Line.PRO.MIX1.Parameter.ParStopDelay","DB100.D28",DWord,1,R/W,100,,,,,,,,,,"",
"Line.PRO.MIX1.Parameter.ParStoppingTime","DB100.D20",DWord,1,R/W,100,,,,,,,,,,"",
"Line.PRO.MIX1.Parameter.ParWithFilterControl","DB100.X32.0",Boolean,1,R/W,100,,,,,,,,,,"",
"Line.PRO.MIX1.States.StaFault","DB100.X10.5",Boolean,1,R/W,100,,,,,,,,,,"",
"Line.PRO.MIX1.States.StaIdeling","DB100.X10.2",Boolean,1,R/W,100,,,,,,,,,,"",
"Line.PRO.MIX1.States.StaStarted","DB100.X10.1",Boolean,1,R/W,100,,,,,,,,,,"",
"Line.PRO.MIX1.States.StaStarting","DB100.X10.0",Boolean,1,R/W,100,,,,,,,,,,"",
"Line.PRO.MIX1.States.StaStopped","DB100.X10.4",Boolean,1,R/W,100,,,,,,,,,,"",
"Line.PRO.MIX1.States.StaStopping","DB100.X10.3",Boolean,1,R/W,100,,,,,,,,,,"",